TrackName,Artist,SongID,IMG,SongURL,Preview,Energy,Danceability,Valence
When It Rain It Pours,Mestizo,4sD8La7BvjzOwFJuUnJNiY,https://i.scdn.co/image/ab67616d0000b273e0692e486c14d8861fe64b9d,https://open.spotify.com/track/4sD8La7BvjzOwFJuUnJNiY,https://p.scdn.co/mp3-preview/d4b19ac96d60e821d133936f48be012dd5d5157a?cid=4598e66debe040afa4e5e77d7f33ee1d,0.975,0.115,1e-05
Quiet Rain in River,Stereo Outdoor Sampling,2dz9Mx1pZKF2OLAPCr3AcC,https://i.scdn.co/image/ab67616d0000b27308ac37282494fdac2235f0b9,https://open.spotify.com/track/2dz9Mx1pZKF2OLAPCr3AcC,https://p.scdn.co/mp3-preview/8fb5236a8162457e4aa1d0b396997ede929eb164?cid=4598e66debe040afa4e5e77d7f33ee1d,0.00133,0.166,0.0218
Wetland At Night,Wetland Adventures,06wGShX4zK2yQMJJgjrWiB,https://i.scdn.co/image/ab67616d0000b273130a350b6b923d630f7f0c93,https://open.spotify.com/track/06wGShX4zK2yQMJJgjrWiB,https://p.scdn.co/mp3-preview/884d81868e1e77ea4077bc4c69540466dc138823?cid=4598e66debe040afa4e5e77d7f33ee1d,0.845,0.257,0.0259
Averse Sombre,Créateurs De Pluie,0XdxWj0BQOdVKhaAbQYlwF,https://i.scdn.co/image/ab67616d0000b273bd625fbc47a23e4925fab832,https://open.spotify.com/track/0XdxWj0BQOdVKhaAbQYlwF,https://p.scdn.co/mp3-preview/280be80a68ca41fe33be71355d23f83183e35387?cid=4598e66debe040afa4e5e77d7f33ee1d,0.999,0.32,1e-05
Amazon Rain,Oerwoud,416OmlQ43aOViS4Hum4KRd,https://i.scdn.co/image/ab67616d0000b273964713254c2cf9124e9d54d5,https://open.spotify.com/track/416OmlQ43aOViS4Hum4KRd,https://p.scdn.co/mp3-preview/7c55adfb7cc58202969316ff733854c7897e1be9?cid=4598e66debe040afa4e5e77d7f33ee1d,0.988,0.145,1e-05
Forest Rain,Nordic Rain,6RLIjFY6g8RHe55zE8Vk2v,https://i.scdn.co/image/ab67616d0000b2733fea9c88b7d1620a105bc1b6,https://open.spotify.com/track/6RLIjFY6g8RHe55zE8Vk2v,https://p.scdn.co/mp3-preview/5287837641de6d92befc21943fedd0dc7b219b93?cid=4598e66debe040afa4e5e77d7f33ee1d,0.955,0.197,0.00317
River Rain,Out & About,1XGH1AZ0JONwKKkYuNEPdE,https://i.scdn.co/image/ab67616d0000b273fd802674861959f5f3499d52,https://open.spotify.com/track/1XGH1AZ0JONwKKkYuNEPdE,https://p.scdn.co/mp3-preview/b61ace31d20cf5a2f2d22635fed168d854b20e09?cid=4598e66debe040afa4e5e77d7f33ee1d,0.997,0.0768,1e-05
Rain In The Garden,Let It Rain,4QYnie1z5zm6gfFzFfhbye,https://i.scdn.co/image/ab67616d0000b2738e6134e2043eb3064ed94ef9,https://open.spotify.com/track/4QYnie1z5zm6gfFzFfhbye,https://p.scdn.co/mp3-preview/645d63ffa1c3bcc161545fa40109afd69ac95f20?cid=4598e66debe040afa4e5e77d7f33ee1d,1.0,0.273,1e-05
Blissful Brook (Rain),NatuREM,3fEv1aGc7IsFlDUUrxIsWL,https://i.scdn.co/image/ab67616d0000b273580d0f6c7beedc9c09b57654,https://open.spotify.com/track/3fEv1aGc7IsFlDUUrxIsWL,https://p.scdn.co/mp3-preview/ee77fac26a44feb21910aeb64f507d9406efa2fc?cid=4598e66debe040afa4e5e77d7f33ee1d,0.999,0.172,0.00306
Overflowing Stream,Naturae,0bkpm8NP8SJZLlPKol67db,https://i.scdn.co/image/ab67616d0000b273168c9e1d008003668d55c245,https://open.spotify.com/track/0bkpm8NP8SJZLlPKol67db,https://p.scdn.co/mp3-preview/dc3fb909a4bea9dffcd8af505b9b58932f5ada1a?cid=4598e66debe040afa4e5e77d7f33ee1d,0.988,0.144,0.00587
Birds by the Creek,Nature Lab,5XnreHT44evPJIcqWn9FSp,https://i.scdn.co/image/ab67616d0000b273e176737285fd9f38bae7ebfe,https://open.spotify.com/track/5XnreHT44evPJIcqWn9FSp,https://p.scdn.co/mp3-preview/5fdc3ef9c12e1df47f470470a429d6608c4f914f?cid=4598e66debe040afa4e5e77d7f33ee1d,0.998,0.266,0.00995
Spring Birds Calling,Birds On Television,5JTIydAbaixj7wuulxKbKd,https://i.scdn.co/image/ab67616d0000b2730a72946c48cb1f8a0842b097,https://open.spotify.com/track/5JTIydAbaixj7wuulxKbKd,https://p.scdn.co/mp3-preview/0afc61d2c0a9604d045be448536a057c228b5360?cid=4598e66debe040afa4e5e77d7f33ee1d,0.18,0.228,0.15
Suburban Forest Rain 1,Aquagirl,4ZucEGIAQEzyrnIbhrgh9Z,https://i.scdn.co/image/ab67616d0000b27352873ee31d3e9e1722d97f95,https://open.spotify.com/track/4ZucEGIAQEzyrnIbhrgh9Z,https://p.scdn.co/mp3-preview/92c1ed3ddcdc69a0de176fc6ab036bc17ef7060a?cid=4598e66debe040afa4e5e77d7f33ee1d,0.985,0.159,0.0189
Waves Folding on Steps,Earthlite,6xDK4fWgvKPvQEFayfRjLO,https://i.scdn.co/image/ab67616d0000b2736cb371575e86fe98c0d1ab05,https://open.spotify.com/track/6xDK4fWgvKPvQEFayfRjLO,https://p.scdn.co/mp3-preview/d27a5ef5e67692b47a1117841a5d08580552d1ca?cid=4598e66debe040afa4e5e77d7f33ee1d,0.989,0.279,0.00787
Lakeside Repose,Sounds of the Forest,58rgF4KUtRIMH3LTczh1wY,https://i.scdn.co/image/ab67616d0000b2736c28ca9268d1bfd47f54d684,https://open.spotify.com/track/58rgF4KUtRIMH3LTczh1wY,https://p.scdn.co/mp3-preview/509b2781feb957904e3ae488637bee0a6255d9c3?cid=4598e66debe040afa4e5e77d7f33ee1d,0.569,0.37,0.0804
Soothing Rain,Nuwan,5B7KrnudyvVieOvbrXG9Gs,https://i.scdn.co/image/ab67616d0000b2735aeb75892c47461a15d3d85b,https://open.spotify.com/track/5B7KrnudyvVieOvbrXG9Gs,https://p.scdn.co/mp3-preview/3aa6c709aae2287119683226e1b4d5bcb318f1be?cid=4598e66debe040afa4e5e77d7f33ee1d,0.936,0.193,0.00666
Amour D'oiseau,La Nature,5HUvWmP7XJ6vpzdmMBBZle,https://i.scdn.co/image/ab67616d0000b2735523ad2171a63d8c36c0161d,https://open.spotify.com/track/5HUvWmP7XJ6vpzdmMBBZle,https://p.scdn.co/mp3-preview/158f846658c941f5556352335eec0d5d3d707792?cid=4598e66debe040afa4e5e77d7f33ee1d,0.982,0.154,0.00828
Cool Air & Rain,Why Wynne,5mhS5BXqC8InFDFvmvH8WH,https://i.scdn.co/image/ab67616d0000b2737b597ab412fe9eaeeafe9ece,https://open.spotify.com/track/5mhS5BXqC8InFDFvmvH8WH,https://p.scdn.co/mp3-preview/bcaa00a7086ac057b02d5eb2af982945c1c329ee?cid=4598e66debe040afa4e5e77d7f33ee1d,0.893,0.107,1e-05
Wildlife Paradise,Shorenights,4qcjA5Vy7HwEmgkFPbt51A,https://i.scdn.co/image/ab67616d0000b273c04d279fa21d21f4b00c14b7,https://open.spotify.com/track/4qcjA5Vy7HwEmgkFPbt51A,https://p.scdn.co/mp3-preview/851ba8014142a6b1444be0261995c6143d1658f7?cid=4598e66debe040afa4e5e77d7f33ee1d,0.553,0.372,0.0399
Bird-watching,Swedish Forest Birds,3dxPEV0XTNkhvAqx790nmo,https://i.scdn.co/image/ab67616d0000b273fa294afe69e5570f2691c730,https://open.spotify.com/track/3dxPEV0XTNkhvAqx790nmo,https://p.scdn.co/mp3-preview/d6749a17fb9cc04d763e779677cda360dcb3cf37?cid=4598e66debe040afa4e5e77d7f33ee1d,0.273,0.31,0.228
Forest Meditation,Manaus,5Gs8yP4p8ccqfZun4xmxgR,https://i.scdn.co/image/ab67616d0000b273066c7ac671824552b9c6b3ba,https://open.spotify.com/track/5Gs8yP4p8ccqfZun4xmxgR,https://p.scdn.co/mp3-preview/fd27acdcf72dd4ff79f0879d2e7f1675e7937f2e?cid=4598e66debe040afa4e5e77d7f33ee1d,0.991,0.0915,0.0078
Ocean Calmness,Aqua Mori,3PRHjxciZrPsj9IVyv6sbF,https://i.scdn.co/image/ab67616d0000b2736113ca00ba5f1c3e6f0284fb,https://open.spotify.com/track/3PRHjxciZrPsj9IVyv6sbF,https://p.scdn.co/mp3-preview/c22003cd9e2ad54ce1dba21d7e5637a12782ee5b?cid=4598e66debe040afa4e5e77d7f33ee1d,0.729,0.466,0.0282
Pouring Jungles,Nia Butler,7MAG8i1TD0G4AxP6z0oQml,https://i.scdn.co/image/ab67616d0000b273c4cc200f5069a596214f608e,https://open.spotify.com/track/7MAG8i1TD0G4AxP6z0oQml,https://p.scdn.co/mp3-preview/18dee9c50199650b2141bff99031dc9ab93ca911?cid=4598e66debe040afa4e5e77d7f33ee1d,0.991,0.441,0.0111
Sounds in the nature,Jacob Woods,2XQDWx60U7gXdzzovGIDVc,https://i.scdn.co/image/ab67616d0000b273dd8c3f20b67cf7ed0b397b4e,https://open.spotify.com/track/2XQDWx60U7gXdzzovGIDVc,https://p.scdn.co/mp3-preview/6dfbe6d4ef65e824ed331eca2d43225cd37ac750?cid=4598e66debe040afa4e5e77d7f33ee1d,0.974,0.304,0.0195
Vogelgezwitscher,Berlin Rain,1g6cnSGhFUyP3XIJ1Jku1f,https://i.scdn.co/image/ab67616d0000b2732a4c87056e96b13164bfad4e,https://open.spotify.com/track/1g6cnSGhFUyP3XIJ1Jku1f,https://p.scdn.co/mp3-preview/9d2544bb1076974d255b22cf88789266dd3f0675?cid=4598e66debe040afa4e5e77d7f33ee1d,0.168,0.327,0.481
Springtime (Birds and Rain),Baltic Nature Sounds,0QOriHCerZiKVDkPTRmKjM,https://i.scdn.co/image/ab67616d0000b273b978ac1311338315598df1a0,https://open.spotify.com/track/0QOriHCerZiKVDkPTRmKjM,https://p.scdn.co/mp3-preview/84d5183cd599a441776def04fb50d187433c38fd?cid=4598e66debe040afa4e5e77d7f33ee1d,0.608,0.427,0.2
April Rain,Beatrice Birds,7KB9VZg79SNkaBesrOOJMT,https://i.scdn.co/image/ab67616d0000b2734d4aad459b7004bc0365f95d,https://open.spotify.com/track/7KB9VZg79SNkaBesrOOJMT,https://p.scdn.co/mp3-preview/27a8c6b0cbac5ab0ce2f9102f27f580f7647ac75?cid=4598e66debe040afa4e5e77d7f33ee1d,0.999,0.285,1e-05
Drops Of Skies,Tailormade Rain,7b2LGKVoG029pfEgI0Jnmk,https://i.scdn.co/image/ab67616d0000b27318b3e32ac77fa0e7e86c6a89,https://open.spotify.com/track/7b2LGKVoG029pfEgI0Jnmk,https://p.scdn.co/mp3-preview/73ed53557bc5c562ce5733bcdffc2085083b4e3e?cid=4598e66debe040afa4e5e77d7f33ee1d,0.222,0.166,0.0284
Singing Birds by the Stream,El Naturel,4x01eyysDx5Y4xS1LP6nHK,https://i.scdn.co/image/ab67616d0000b2737fe7484541fc2eab596d702b,https://open.spotify.com/track/4x01eyysDx5Y4xS1LP6nHK,https://p.scdn.co/mp3-preview/768a041ab7c7f0981a02daf761d834edc74dc9a5?cid=4598e66debe040afa4e5e77d7f33ee1d,0.947,0.103,0.000888
Tempête profonde,Tornadoez,1mSKUbvJG5Gmde0Kh9RDeQ,https://i.scdn.co/image/ab67616d0000b2735844d605a105f5d132da2b22,https://open.spotify.com/track/1mSKUbvJG5Gmde0Kh9RDeQ,https://p.scdn.co/mp3-preview/aefc9f0661bc217d543422818941bf9aa2f4cb25?cid=4598e66debe040afa4e5e77d7f33ee1d,0.599,0.239,0.0298
Nature Night-time,mahogany,0qjA7VzJyneuisZRNATzWp,https://i.scdn.co/image/ab67616d0000b2735727280cbfd70a05b2cf00b3,https://open.spotify.com/track/0qjA7VzJyneuisZRNATzWp,https://p.scdn.co/mp3-preview/32c368ea8dec2b644c587597dbcd16bf517b8828?cid=4598e66debe040afa4e5e77d7f33ee1d,0.936,0.175,0.00737
Stream to the Waterfall,Island Nature Sounds,1kgabwYM9KxzRzcuxkjIq6,https://i.scdn.co/image/ab67616d0000b27352ba52d17abd813c8937baeb,https://open.spotify.com/track/1kgabwYM9KxzRzcuxkjIq6,https://p.scdn.co/mp3-preview/de87bb374b62b249b397828658d252eacc978678?cid=4598e66debe040afa4e5e77d7f33ee1d,1.0,0.119,1e-05
Forest Rain,Rain Recordings,6ADPydLM8fmi6fjO9ZXAb8,https://i.scdn.co/image/ab67616d0000b2737a1bdd2b693365b46dc953c4,https://open.spotify.com/track/6ADPydLM8fmi6fjO9ZXAb8,https://p.scdn.co/mp3-preview/fbde789a3178de1ddf191f2fb93a6d99db77fba0?cid=4598e66debe040afa4e5e77d7f33ee1d,1.0,0.0771,1e-05
Nature Sounds,When Doves Cry (FX),0aiIxhhNwCZcUF4foUSpNa,https://i.scdn.co/image/ab67616d0000b2735371080997baf486b568fc79,https://open.spotify.com/track/0aiIxhhNwCZcUF4foUSpNa,https://p.scdn.co/mp3-preview/e5665ac8318f43f881b82bdc4023b9d6c8b1f98b?cid=4598e66debe040afa4e5e77d7f33ee1d,0.146,0.397,0.216
A Day At The Beach,Accuweather,3eqhRuaifkjQcgMmuTedxJ,https://i.scdn.co/image/ab67616d0000b2736f9c2a241e2f687ba0d7628c,https://open.spotify.com/track/3eqhRuaifkjQcgMmuTedxJ,https://p.scdn.co/mp3-preview/89cfc89674fe54bbb0c4a4949f0cc4d934dfe713?cid=4598e66debe040afa4e5e77d7f33ee1d,0.996,0.37,0.0208
Pouring Sea,Aussie Main,2XxYa30X2WQtPXfaP13NDo,https://i.scdn.co/image/ab67616d0000b2733ad20f919fdc5b75bad06be0,https://open.spotify.com/track/2XxYa30X2WQtPXfaP13NDo,https://p.scdn.co/mp3-preview/94015cdc233507d1f5067ff26ec0476236bebf54?cid=4598e66debe040afa4e5e77d7f33ee1d,0.915,0.195,0.013
Morning Bird Symphony,Himalaya Nature,2DG4GclEMtxZEFbXixAGxq,https://i.scdn.co/image/ab67616d0000b2731cf80cda525006cb30aa5a52,https://open.spotify.com/track/2DG4GclEMtxZEFbXixAGxq,https://p.scdn.co/mp3-preview/8ab18ebc8c4eacd7b12d95a95e615256a9a737cd?cid=4598e66debe040afa4e5e77d7f33ee1d,0.167,0.266,0.437
Distant Thunder in the East of the City,Naturalis,39IRFQpK8ZCRFPOMe9Y4At,https://i.scdn.co/image/ab67616d0000b273df97080c54c3a7ec4817cbb0,https://open.spotify.com/track/39IRFQpK8ZCRFPOMe9Y4At,https://p.scdn.co/mp3-preview/ca3181c351b43e5b1dcfdd25115c3db28c02fb74?cid=4598e66debe040afa4e5e77d7f33ee1d,0.996,0.186,0.0133
Empowering Rain,Four Winds,6bjRqHUfxEnGJg6luwnUJH,https://i.scdn.co/image/ab67616d0000b2737c2c02f3f0ec14c3d709b60e,https://open.spotify.com/track/6bjRqHUfxEnGJg6luwnUJH,https://p.scdn.co/mp3-preview/1efab5be60f5fc87e1f7014ee5347b512feab0b1?cid=4598e66debe040afa4e5e77d7f33ee1d,0.999,0.165,1e-05
Fluxo,Dimas Amaro,05Fw6DL9Hj2qfua35fsZXF,https://i.scdn.co/image/ab67616d0000b273fc02cd6d733f46d8d9717487,https://open.spotify.com/track/05Fw6DL9Hj2qfua35fsZXF,https://p.scdn.co/mp3-preview/90cc894e6053f5d0ce84f29cd8e36da0e6e2c1fa?cid=4598e66debe040afa4e5e77d7f33ee1d,,,
Sitting Under The Tree,Paul's Field Recordings,5ySy6nj1AWOTDx3Tm6M6zb,https://i.scdn.co/image/ab67616d0000b273def99252cb52647dd6003c78,https://open.spotify.com/track/5ySy6nj1AWOTDx3Tm6M6zb,https://p.scdn.co/mp3-preview/7e458e5d363315e378e77b6c7582db678f358efb?cid=4598e66debe040afa4e5e77d7f33ee1d,0.266,0.201,0.0385
Small Forest River,The Relaxing Sounds of Swedish Nature,4hpHmF6GbAT1fLQ1JKbNG5,https://i.scdn.co/image/ab67616d0000b2738ce3b77ccfb24c4932716e4c,https://open.spotify.com/track/4hpHmF6GbAT1fLQ1JKbNG5,https://p.scdn.co/mp3-preview/36c23b74198b7b20f413265db280824f1c991488?cid=4598e66debe040afa4e5e77d7f33ee1d,1.0,0.138,1e-05
Rainforest During The Night,Mandalay Hill,166UFdIQFu7c7DKJy0bu6F,https://i.scdn.co/image/ab67616d0000b27368c9891db4478a4ca0f2c436,https://open.spotify.com/track/166UFdIQFu7c7DKJy0bu6F,https://p.scdn.co/mp3-preview/41e4dc1b612fd9ea8788b3a7f31ddca2372fb809?cid=4598e66debe040afa4e5e77d7f33ee1d,0.999,0.168,1e-05
Birds Chirping,Tura Cos,6Il0dPau6OWgcUtFhXP0rD,https://i.scdn.co/image/ab67616d0000b273d43d782860625ba25d43acd2,https://open.spotify.com/track/6Il0dPau6OWgcUtFhXP0rD,https://p.scdn.co/mp3-preview/22d0950fb61b136a9a3b35bec4c15c6042216913?cid=4598e66debe040afa4e5e77d7f33ee1d,0.807,0.168,0.0279
Rainy Seasons,Wild Weather,009OkruFBaTawpfoGb80PO,https://i.scdn.co/image/ab67616d0000b273f0b1a1c96c5bbbe00fc27b09,https://open.spotify.com/track/009OkruFBaTawpfoGb80PO,https://p.scdn.co/mp3-preview/ede7c83ab54c7520471dbe0b28cb1706bd1fd7ef?cid=4598e66debe040afa4e5e77d7f33ee1d,0.0452,0.0799,0.00887
Dripping Wet Leaves and Thunder,Wonderful Escape,4ceay3NQJmIvSgX7wh8RKZ,https://i.scdn.co/image/ab67616d0000b2734daa02007421a922dea0532d,https://open.spotify.com/track/4ceay3NQJmIvSgX7wh8RKZ,https://p.scdn.co/mp3-preview/9b9ff3343db28cafd45211150c9f6e4ad0b50c3b?cid=4598e66debe040afa4e5e77d7f33ee1d,0.309,0.175,0.0394
Atlanta Rain,Natsound,07CtNdTuh11zJQlwoVkLCW,https://i.scdn.co/image/ab67616d0000b273bd37d33071f2758146233b79,https://open.spotify.com/track/07CtNdTuh11zJQlwoVkLCW,https://p.scdn.co/mp3-preview/6253d7da253815c7b62b53b4971af32591044be6?cid=4598e66debe040afa4e5e77d7f33ee1d,0.975,0.0754,1e-05
Gently Raining,R 4 Rain,3CfHJQAXuloLdm727vtocG,https://i.scdn.co/image/ab67616d0000b273462d2bd033d60b83cb0fb429,https://open.spotify.com/track/3CfHJQAXuloLdm727vtocG,https://p.scdn.co/mp3-preview/1553204aeb7a9e70ed067711108c0f036997e03a?cid=4598e66debe040afa4e5e77d7f33ee1d,0.000182,0.187,0.0
Rain in the Woods,Outdoor Field Recorders,6uEPTshbIUEHPIKXxoGgMi,https://i.scdn.co/image/ab67616d0000b273bb8034a6c4196483340e3ee2,https://open.spotify.com/track/6uEPTshbIUEHPIKXxoGgMi,https://p.scdn.co/mp3-preview/2dd743f822f48fd17262144b1f26ec88fbd77122?cid=4598e66debe040afa4e5e77d7f33ee1d,0.872,0.174,0.00433
Bustling River Sounds,Rivers and Streams,5j5HMHeNbSDzVU9eEgZzUI,https://i.scdn.co/image/ab67616d0000b2737f0215ebd95573280b9078bb,https://open.spotify.com/track/5j5HMHeNbSDzVU9eEgZzUI,https://p.scdn.co/mp3-preview/087336bfabb38cbcf9af14c274f695953f49a728?cid=4598e66debe040afa4e5e77d7f33ee1d,1.0,0.206,1e-05
Chill Waves & Wind in Leaves,Pinetree Way,37TdJ5EWlM9Jfw8IqiUHcm,https://i.scdn.co/image/ab67616d0000b2733bd6c1085b15ab9b83de0e88,https://open.spotify.com/track/37TdJ5EWlM9Jfw8IqiUHcm,https://p.scdn.co/mp3-preview/905ebaf7486c3675cfbf69ba9dc6bce2b192627a?cid=4598e66debe040afa4e5e77d7f33ee1d,1.0,0.141,1e-05
Peaceful Rain Sounds,High Sampling,5SBStfL3Hb5l8ix5NtuUjP,https://i.scdn.co/image/ab67616d0000b273d7fa90dd01f3e7aafb202b86,https://open.spotify.com/track/5SBStfL3Hb5l8ix5NtuUjP,https://p.scdn.co/mp3-preview/6d649f98f8749fa9d296922f9ca1fad55f6711d7?cid=4598e66debe040afa4e5e77d7f33ee1d,0.997,0.103,0.00481
Tranquil Stream,Pacific Soundscapes,4xhbt3EVgOnXeBZHiMXea2,https://i.scdn.co/image/ab67616d0000b273a275bd32be709fefd64e4ceb,https://open.spotify.com/track/4xhbt3EVgOnXeBZHiMXea2,https://p.scdn.co/mp3-preview/fbaeaf81c6c4094c107b82145f7edca98c75edfe?cid=4598e66debe040afa4e5e77d7f33ee1d,1.0,0.147,1e-05
Birds Singing in the Morning Rain,Sound of the Wilderness,5eksbeKyteoDgDb9E6Hj2K,https://i.scdn.co/image/ab67616d0000b273128299dce93f94702e340f2d,https://open.spotify.com/track/5eksbeKyteoDgDb9E6Hj2K,https://p.scdn.co/mp3-preview/60337aeb6ef8ed6cacaa1de0ee4c7039c4292e91?cid=4598e66debe040afa4e5e77d7f33ee1d,0.998,0.222,0.0107
Cheerful Rain,Daily Calm,2BBD54IBeXwbTTsgbeibgI,https://i.scdn.co/image/ab67616d0000b273ac874657c9c24a0fc52d6f81,https://open.spotify.com/track/2BBD54IBeXwbTTsgbeibgI,https://p.scdn.co/mp3-preview/b5a2cbd34bd7e45db380755499dabe8256c3a861?cid=4598e66debe040afa4e5e77d7f33ee1d,1.0,0.253,0.00632
Rain Healing,Heal Your Soul,7bOMWkpdJzXNnEsuf508pq,https://i.scdn.co/image/ab67616d0000b273b1b1413c161b245074bbcc68,https://open.spotify.com/track/7bOMWkpdJzXNnEsuf508pq,https://p.scdn.co/mp3-preview/da28c25952c66abd408ffd1a36ed818fe0695dee?cid=4598e66debe040afa4e5e77d7f33ee1d,1.0,0.287,1e-05
A Babbling Brook,The Nature Songs,6SwFLZEH7gG2fxGLAdsj4m,https://i.scdn.co/image/ab67616d0000b273fd43343bfe8f199238ffcea4,https://open.spotify.com/track/6SwFLZEH7gG2fxGLAdsj4m,https://p.scdn.co/mp3-preview/67e8b167bcfef6e1ecca587d38381290a960cdde?cid=4598e66debe040afa4e5e77d7f33ee1d,1.0,0.198,1e-05
Smoothe Suburban Forest Rain 2,Mori Desu,2BhG0szLZb5rqpIdXu0hGh,https://i.scdn.co/image/ab67616d0000b27344d7373516279bad0cdec5c4,https://open.spotify.com/track/2BhG0szLZb5rqpIdXu0hGh,https://p.scdn.co/mp3-preview/2e7b227fbb51a6108f1286e701538d489038994c?cid=4598e66debe040afa4e5e77d7f33ee1d,0.996,0.191,1e-05
Bird Life,Beyond North,5I9JyCa5yjW8p3K5CUXIrH,https://i.scdn.co/image/ab67616d0000b2734a6313e80ba304d452aca7d5,https://open.spotify.com/track/5I9JyCa5yjW8p3K5CUXIrH,https://p.scdn.co/mp3-preview/13b326d15675fe85d2cb8e0eb751f8e7f97de5a4?cid=4598e66debe040afa4e5e77d7f33ee1d,0.739,0.277,0.0385
Light Forest Rain 2,Smoothe Sounds,0sHQko0MGE4c2RzGQ9BjX6,https://i.scdn.co/image/ab67616d0000b273fc5f1719076b8910e42f2c4d,https://open.spotify.com/track/0sHQko0MGE4c2RzGQ9BjX6,https://p.scdn.co/mp3-preview/5b04e999d2974042cd20aead53b9dbb6e02329e4?cid=4598e66debe040afa4e5e77d7f33ee1d,0.999,0.262,0.00477
Suburban Forest Rain 2,Aquagirl,0rtT2DmXIcwqpcXVrX6C7V,https://i.scdn.co/image/ab67616d0000b27352873ee31d3e9e1722d97f95,https://open.spotify.com/track/0rtT2DmXIcwqpcXVrX6C7V,https://p.scdn.co/mp3-preview/6ca99c75dbaecf4edbe2963c5ff857ce08a6e37a?cid=4598e66debe040afa4e5e77d7f33ee1d,0.96,0.167,0.0222
Forest Rain Frogs,Natsound,3gqUeE0MqS4I9caAXmYnMY,https://i.scdn.co/image/ab67616d0000b273bd37d33071f2758146233b79,https://open.spotify.com/track/3gqUeE0MqS4I9caAXmYnMY,https://p.scdn.co/mp3-preview/e71023cce652067f030f0134cbdbc5c4babc0795?cid=4598e66debe040afa4e5e77d7f33ee1d,0.987,0.0947,1e-05
River Close with Birds - River,Dozy Sounds,2KdUMPBKthc1lz3DascPlE,https://i.scdn.co/image/ab67616d0000b2732b13f4a461ec7fa79c493e2c,https://open.spotify.com/track/2KdUMPBKthc1lz3DascPlE,https://p.scdn.co/mp3-preview/33bb83a3c32cc865c6b39d31b83f7179505e4796?cid=4598e66debe040afa4e5e77d7f33ee1d,1.0,0.291,0.00883
Birds Of the Rainforest,Lively Nature Sounds,4KbwasB5txiAwLRFQsrZ07,https://i.scdn.co/image/ab67616d0000b2730e6575b3a4bc079d519f5550,https://open.spotify.com/track/4KbwasB5txiAwLRFQsrZ07,https://p.scdn.co/mp3-preview/53ece13d111cc77d1a71f76fcf16ffeb062392df?cid=4598e66debe040afa4e5e77d7f33ee1d,0.935,0.132,0.0194
Rainbow Birds,Feathern,23zePFyNcPwF4kJso7fvdL,https://i.scdn.co/image/ab67616d0000b2732b9444c65359fa9df29f23dc,https://open.spotify.com/track/23zePFyNcPwF4kJso7fvdL,https://p.scdn.co/mp3-preview/2bbbc579057432a5721d0568b1f032d57e45d044?cid=4598e66debe040afa4e5e77d7f33ee1d,0.997,0.148,1e-05
Light Forest Rain Long,Smoothe Sounds,3TOdrkKf8QAZhIdpmU6ebO,https://i.scdn.co/image/ab67616d0000b273fc5f1719076b8910e42f2c4d,https://open.spotify.com/track/3TOdrkKf8QAZhIdpmU6ebO,https://p.scdn.co/mp3-preview/0dac17d6a81c2fd9d75ca6b4604cb70680b32632?cid=4598e66debe040afa4e5e77d7f33ee1d,0.989,0.106,0.00503
Medium Rain on Bedroom Window,Ambiworld,5aVBGmsRjiCR6BYUzfZ2ci,https://i.scdn.co/image/ab67616d0000b273a882c8c180c302e3513d170a,https://open.spotify.com/track/5aVBGmsRjiCR6BYUzfZ2ci,https://p.scdn.co/mp3-preview/379b81653bb38855117c3b789ff1e4f1b8b790fe?cid=4598e66debe040afa4e5e77d7f33ee1d,0.993,0.0577,1e-05
Archipelago Waves,Ice Wave Isac,3Na4wOerW2kOPEPBOZnYqR,https://i.scdn.co/image/ab67616d0000b273f29f59e47f02097139624cd1,https://open.spotify.com/track/3Na4wOerW2kOPEPBOZnYqR,https://p.scdn.co/mp3-preview/ab3362ff4dbfc57c6ee737eabd1344c3a615b2a9?cid=4598e66debe040afa4e5e77d7f33ee1d,0.968,0.0901,0.0164
Rain is Beautiful,Super Natural,5azKWb8ExTmXlH6rxbN8eF,https://i.scdn.co/image/ab67616d0000b27353f9833bd68c3cadd55b6d8f,https://open.spotify.com/track/5azKWb8ExTmXlH6rxbN8eF,https://p.scdn.co/mp3-preview/7025b65e4adb1da57a35a5d5d6c342e3d4e38c5a?cid=4598e66debe040afa4e5e77d7f33ee1d,0.972,0.176,1e-05
Rain in The Forest,TELEKROME,0wLnaxf8uumoySqw1dW9rR,https://i.scdn.co/image/ab67616d0000b273581c08d0623512c630572269,https://open.spotify.com/track/0wLnaxf8uumoySqw1dW9rR,https://p.scdn.co/mp3-preview/120f19bc6d5cc133beb817582f51a0be14c2d639?cid=4598e66debe040afa4e5e77d7f33ee1d,0.995,0.106,1e-05
Thundershowers,Zen Master,3A0SqSPthn9oXan3S0mlHz,https://i.scdn.co/image/ab67616d0000b27348666540bffdc0504a2e159d,https://open.spotify.com/track/3A0SqSPthn9oXan3S0mlHz,https://p.scdn.co/mp3-preview/30236a334089eaed0d3d553b9c1c6ca44df79ddb?cid=4598e66debe040afa4e5e77d7f33ee1d,0.91,0.145,0.0339
Relaxing Bird Sounds,Nano Sounds,1Ar63CC2YckvPzXe5OLtPl,https://i.scdn.co/image/ab67616d0000b273b9d7c8a44cfc3a75df40b078,https://open.spotify.com/track/1Ar63CC2YckvPzXe5OLtPl,https://p.scdn.co/mp3-preview/6db2fa3ce7ac03b1e2f945c3df02136bfa30451b?cid=4598e66debe040afa4e5e77d7f33ee1d,0.214,0.352,0.0437
Light Forest Rain 1,Smoothe Sounds,14oV03JSrcUShNmJw0qUvH,https://i.scdn.co/image/ab67616d0000b273fc5f1719076b8910e42f2c4d,https://open.spotify.com/track/14oV03JSrcUShNmJw0qUvH,https://p.scdn.co/mp3-preview/515d33879ed2947e31dca957d4c807ced5f8ac71?cid=4598e66debe040afa4e5e77d7f33ee1d,0.978,0.085,0.00726
The Singing Birds,Herbird,5bT75sYxgRTGyFE9bMdeEI,https://i.scdn.co/image/ab67616d0000b273fb0c38d8b22004c7fafc469d,https://open.spotify.com/track/5bT75sYxgRTGyFE9bMdeEI,https://p.scdn.co/mp3-preview/05ec4afe092896467d67a31d276e3d7b618f37f6?cid=4598e66debe040afa4e5e77d7f33ee1d,0.958,0.225,0.0244
Magical Rainforest,Accuweather,5gKbTObGEDjqpB6pTzu1Ht,https://i.scdn.co/image/ab67616d0000b2731e9d473dcb044ca7fc85f030,https://open.spotify.com/track/5gKbTObGEDjqpB6pTzu1Ht,https://p.scdn.co/mp3-preview/37421b975b73736fe1cec1942852c2a9d07bfe40?cid=4598e66debe040afa4e5e77d7f33ee1d,1.0,0.185,1e-05
Soft & Crispy Rain,Morgonkvist,6bhxAE1z4FCDkJJKQBkV6f,https://i.scdn.co/image/ab67616d0000b273f844932e639b8e81bc778801,https://open.spotify.com/track/6bhxAE1z4FCDkJJKQBkV6f,https://p.scdn.co/mp3-preview/f8eb4c4356f4a29e123b66a6476a5d9423f04fbe?cid=4598e66debe040afa4e5e77d7f33ee1d,0.999,0.207,1e-05
Forest of Calamity,FX Makers,1ZOWaxy3FBZd10a2YTqIYD,https://i.scdn.co/image/ab67616d0000b273d15b2fe6ad38258b76547aae,https://open.spotify.com/track/1ZOWaxy3FBZd10a2YTqIYD,https://p.scdn.co/mp3-preview/46545fb5eb4676641f37d3df92b5fb1dfb6f7f25?cid=4598e66debe040afa4e5e77d7f33ee1d,0.595,0.393,0.0789
Rain with Distant Birds,Summer Showers,4Mx3Zc9sXgZVGpdGwnkqWT,https://i.scdn.co/image/ab67616d0000b27371af0c635d209920af659e2c,https://open.spotify.com/track/4Mx3Zc9sXgZVGpdGwnkqWT,https://p.scdn.co/mp3-preview/27f52e242bebc093f8d39d77604a6eb6c6823dc4?cid=4598e66debe040afa4e5e77d7f33ee1d,1.0,0.198,1e-05
Calming Wave Sound,Catching Sleep,4lX2tuWNd6wUJqBnywOViu,https://i.scdn.co/image/ab67616d0000b2732d033eb2ead1e9f5cf763c5d,https://open.spotify.com/track/4lX2tuWNd6wUJqBnywOViu,https://p.scdn.co/mp3-preview/aa02a50d65e5ed9db180b27d7d47e90a77026b07?cid=4598e66debe040afa4e5e77d7f33ee1d,0.997,0.138,1e-05
Forest Rain With Distant Thunder,Ambiworld,0a0h0CO87jwJXhTo2mQoRg,https://i.scdn.co/image/ab67616d0000b273a83a1fdeae701ab7896b76a9,https://open.spotify.com/track/0a0h0CO87jwJXhTo2mQoRg,https://p.scdn.co/mp3-preview/5907d4b39dfdf800fe66cd17b153dd7ea00ce341?cid=4598e66debe040afa4e5e77d7f33ee1d,0.995,0.105,0.0176
Bird Chatter In Rainforest,Natural Awakening,5ZDdbserCXlDm3CY0Yt1bF,https://i.scdn.co/image/ab67616d0000b273b0a00ca36d0a56911a51ebd5,https://open.spotify.com/track/5ZDdbserCXlDm3CY0Yt1bF,https://p.scdn.co/mp3-preview/ae56476c131ec3395c9f5e23815c624dfe0fb99f?cid=4598e66debe040afa4e5e77d7f33ee1d,0.922,0.35,0.0395
Peaceful Rain Ambience,Noise and Nature,6RTdL85sBmsW9pxBQgCzs6,https://i.scdn.co/image/ab67616d0000b2738974eb4cf3042e3b82c997f2,https://open.spotify.com/track/6RTdL85sBmsW9pxBQgCzs6,https://p.scdn.co/mp3-preview/48726ac32a4e238a22bc0a5459ce8672c50a283f?cid=4598e66debe040afa4e5e77d7f33ee1d,0.947,0.0893,1e-05
Presence of Thor,Yùhé 愈合,4WJQ1YkXPfcNZyg5jZbCCQ,https://i.scdn.co/image/ab67616d0000b273ee8685b3b36902431a0379cc,https://open.spotify.com/track/4WJQ1YkXPfcNZyg5jZbCCQ,https://p.scdn.co/mp3-preview/83c1076717dc68803612f8f468dd4fcb900d3c16?cid=4598e66debe040afa4e5e77d7f33ee1d,0.516,0.303,0.16
Still the River Flows,The Land Seven,45oRTAt9cy1PHglZfBlG5P,https://i.scdn.co/image/ab67616d0000b273022b4b21c803cebe988449da,https://open.spotify.com/track/45oRTAt9cy1PHglZfBlG5P,https://p.scdn.co/mp3-preview/bb2e2e67aeb79a70e2f90330005ae5e1f2286db2?cid=4598e66debe040afa4e5e77d7f33ee1d,0.982,0.37,0.0242
Tropico,Plectrasonics,3AtEqO6mJDdXcrDiC77KHF,https://i.scdn.co/image/ab67616d0000b2734316cb828ba37a076c6ab139,https://open.spotify.com/track/3AtEqO6mJDdXcrDiC77KHF,https://p.scdn.co/mp3-preview/40fd5f698bb22d8228673d59de9942857e74c1c9?cid=4598e66debe040afa4e5e77d7f33ee1d,0.744,0.073,0.00974
Rainy Nights,Night FX,6NjY2QmltNePODQYrqPXYE,https://i.scdn.co/image/ab67616d0000b2730ebf65c264958f0456ef47aa,https://open.spotify.com/track/6NjY2QmltNePODQYrqPXYE,https://p.scdn.co/mp3-preview/1a72a4f0f10abb99d404fde3f30af22863e7bbc0?cid=4598e66debe040afa4e5e77d7f33ee1d,0.996,0.17,0.00266
Rain Forest Meditation,Pinetree Way,1uBwQtsJkaMNcr8uNLsKMF,https://i.scdn.co/image/ab67616d0000b273cb3f2e7b0e09e6461567405d,https://open.spotify.com/track/1uBwQtsJkaMNcr8uNLsKMF,https://p.scdn.co/mp3-preview/8d5fe5e1d2a1cee15f650adcb83bddb5831c0b78?cid=4598e66debe040afa4e5e77d7f33ee1d,1.0,0.187,0.00416
Birds In The Rain,Neightbirds,4C7uEMH69SQp0nTUsj35Vb,https://i.scdn.co/image/ab67616d0000b273f5c55866b9d64be8e8c4522a,https://open.spotify.com/track/4C7uEMH69SQp0nTUsj35Vb,https://p.scdn.co/mp3-preview/804f8655e233df7dc352917d6165adac7b9d00c2?cid=4598e66debe040afa4e5e77d7f33ee1d,0.672,0.188,0.0387
Low Tide Waves,The Nature Soundscapes,5zVWhXJZXSXDO6PYuQrEOm,https://i.scdn.co/image/ab67616d0000b273b86ca5bc51cf50ed2d363eeb,https://open.spotify.com/track/5zVWhXJZXSXDO6PYuQrEOm,https://p.scdn.co/mp3-preview/765e4607d60a7f12aa5a41afb965882d03350a21?cid=4598e66debe040afa4e5e77d7f33ee1d,0.999,0.269,1e-05
Pretty Birds,Hinterländer,4BNobzfaqRaiVhJCEVBBR1,https://i.scdn.co/image/ab67616d0000b27367aac18bc3e22951ae6d00fa,https://open.spotify.com/track/4BNobzfaqRaiVhJCEVBBR1,https://p.scdn.co/mp3-preview/c695994e6f12bf92fc1e20cbbd4777b5e0f4e6bb?cid=4598e66debe040afa4e5e77d7f33ee1d,0.452,0.401,0.0393
Wave Foam,Relaxed Minds,22TrxuTE2bllUWnZVJ3Qcp,https://i.scdn.co/image/ab67616d0000b273f38d565c826046d4536764ad,https://open.spotify.com/track/22TrxuTE2bllUWnZVJ3Qcp,https://p.scdn.co/mp3-preview/38684eb11eb92a3cf26b49a6df13211bf18757b3?cid=4598e66debe040afa4e5e77d7f33ee1d,0.867,0.209,1e-05
The Cuckoo by the Lagoon,Actors of Nature,6jwd9j7uqU3uo7VQTEgxZQ,https://i.scdn.co/image/ab67616d0000b27341e427192758eac97804fe29,https://open.spotify.com/track/6jwd9j7uqU3uo7VQTEgxZQ,https://p.scdn.co/mp3-preview/34f2dbdbe4f3f1cb9ffb04fa77a3ba92e0c8dd50?cid=4598e66debe040afa4e5e77d7f33ee1d,0.963,0.326,0.0315
Soul Healing Birds,Soul Healer,2xDAhRpg274IdUlSwrUKeG,https://i.scdn.co/image/ab67616d0000b273e3816147f5774a84522abb89,https://open.spotify.com/track/2xDAhRpg274IdUlSwrUKeG,https://p.scdn.co/mp3-preview/b7831526a25257bbed91caeab8f5bfb30c7ce143?cid=4598e66debe040afa4e5e77d7f33ee1d,0.569,0.421,0.152
Down Stream,Drifting Streams,7x50aLAvwia2rd5YX5Jz2a,https://i.scdn.co/image/ab67616d0000b273c7dfd0d1efce79679f48be15,https://open.spotify.com/track/7x50aLAvwia2rd5YX5Jz2a,https://p.scdn.co/mp3-preview/07c0386300b96f64bda6c01bd35f5aa71a97364e?cid=4598e66debe040afa4e5e77d7f33ee1d,0.999,0.161,1e-05
Gentle River Sounds,Sound and Waves,1k7bLn8N7hq9oaHCf4To4Y,https://i.scdn.co/image/ab67616d0000b2737b3b85e276adb27df0121bdc,https://open.spotify.com/track/1k7bLn8N7hq9oaHCf4To4Y,https://p.scdn.co/mp3-preview/953be0411bd2bf47c6f8bbcac9e5f97bc7aba011?cid=4598e66debe040afa4e5e77d7f33ee1d,0.934,0.17,1e-05
Forest And Wind,Healing Nature FX,0lJyUC8jqlT0L8Ak1YqL1i,https://i.scdn.co/image/ab67616d0000b273f39055b1ed0fc897db65314b,https://open.spotify.com/track/0lJyUC8jqlT0L8Ak1YqL1i,https://p.scdn.co/mp3-preview/1e68e517345c71e530aa865f78b5a09578c64e3d?cid=4598e66debe040afa4e5e77d7f33ee1d,0.53,0.545,0.131
Rain In The Rainforest,Peter Graham,7709cD193A9ASewVfJ849M,https://i.scdn.co/image/ab67616d0000b273c828e707ccdf86287d2e1084,https://open.spotify.com/track/7709cD193A9ASewVfJ849M,https://p.scdn.co/mp3-preview/f7b4e90f0b0edd431bc11ee07d948791815ad1f4?cid=4598e66debe040afa4e5e77d7f33ee1d,0.71,0.0873,0.0278
Forest Therapy,INDAYA,1o5wI9xAk3n5SVXBbdAEf3,https://i.scdn.co/image/ab67616d0000b273e2b149411721d47d4cfd0d0f,https://open.spotify.com/track/1o5wI9xAk3n5SVXBbdAEf3,https://p.scdn.co/mp3-preview/9ed933599e397799f7aa01f18f8282dc14884c57?cid=4598e66debe040afa4e5e77d7f33ee1d,0.987,0.326,0.0085
Scandinavian Forest Rain Sound,Baltic Nature Sounds,0U72R7eOGDPit3iw1Wg0mh,https://i.scdn.co/image/ab67616d0000b273c10afc4c0062ec37eb64b598,https://open.spotify.com/track/0U72R7eOGDPit3iw1Wg0mh,https://p.scdn.co/mp3-preview/8d7930fe0621b6c41ffdece9fa1bbf44e6df84ca?cid=4598e66debe040afa4e5e77d7f33ee1d,0.997,0.239,1e-05
Dreaming in Ripples,Waterbank,2zAv5GHvNjAsI4mjyoorl4,https://i.scdn.co/image/ab67616d0000b27306018ff3b7dc4dc0395172dc,https://open.spotify.com/track/2zAv5GHvNjAsI4mjyoorl4,https://p.scdn.co/mp3-preview/d6b8c973b9c3d4b02b1ebc1f12c631844b349cf8?cid=4598e66debe040afa4e5e77d7f33ee1d,0.0976,0.159,0.033
Delta Spirit,Spiritualizer,5Nl0Uy3C5GhECu1wePK0Ty,https://i.scdn.co/image/ab67616d0000b273e6cd84d046d21e5f5ccc7eba,https://open.spotify.com/track/5Nl0Uy3C5GhECu1wePK0Ty,https://p.scdn.co/mp3-preview/4ce9648d471d515f4af4325ad7731956eb45726c?cid=4598e66debe040afa4e5e77d7f33ee1d,0.074,0.153,0.0355
Calming Seashore,Adam By Nature,4msQl50RTvdYVaak2Z99Fc,https://i.scdn.co/image/ab67616d0000b273db750a0b0cb332bfd7ff59f8,https://open.spotify.com/track/4msQl50RTvdYVaak2Z99Fc,https://p.scdn.co/mp3-preview/470bb542a1dd28040bf49048aec0102e9d87c832?cid=4598e66debe040afa4e5e77d7f33ee1d,0.0139,0.19,0.0659
Colors Of The Wind,Alex Patel,0YL8kXuNOcOF8curSrGOEw,https://i.scdn.co/image/ab67616d0000b273dc3662a0589526484f44641e,https://open.spotify.com/track/0YL8kXuNOcOF8curSrGOEw,https://p.scdn.co/mp3-preview/5c4cda7f4cf636dc3abe551627abea79372ed5ca?cid=4598e66debe040afa4e5e77d7f33ee1d,0.0368,0.244,0.0684
Summer Showers,Quiet Point,02SaJ1OMfv7gDlIRM5OSmw,https://i.scdn.co/image/ab67616d0000b2733a01b078b5a29009f2fdf1fc,https://open.spotify.com/track/02SaJ1OMfv7gDlIRM5OSmw,https://p.scdn.co/mp3-preview/1bb84be07a29b3155ae38bc9493f1678778b864c?cid=4598e66debe040afa4e5e77d7f33ee1d,0.0414,0.192,0.0396
Joshmit Beach,Peaceful Earth,4vDw0JzE1goBugh7lh4lFQ,https://i.scdn.co/image/ab67616d0000b273e0857a36930f5a86a62cbcac,https://open.spotify.com/track/4vDw0JzE1goBugh7lh4lFQ,https://p.scdn.co/mp3-preview/3bffc55461c42c1740c0b09886a3f0e19cafee51?cid=4598e66debe040afa4e5e77d7f33ee1d,0.0147,0.172,0.037
Above The Trees,Divine Retreat,6vUWjoUSF92bxEXheAQwPg,https://i.scdn.co/image/ab67616d0000b27321f10d1a32a2f6464d742bc1,https://open.spotify.com/track/6vUWjoUSF92bxEXheAQwPg,https://p.scdn.co/mp3-preview/e8de9a336706164e957282d87620afce6b25f297?cid=4598e66debe040afa4e5e77d7f33ee1d,0.00997,0.199,0.149
Breathe Underwater,Alma Forest,0ItZjGoIojBcreM3vSNeLq,https://i.scdn.co/image/ab67616d0000b2737764c51eff21b82133e6940f,https://open.spotify.com/track/0ItZjGoIojBcreM3vSNeLq,https://p.scdn.co/mp3-preview/961bdeea3a4f9fee9bb123734122f03161bbbad1?cid=4598e66debe040afa4e5e77d7f33ee1d,0.0983,0.295,0.28
Peaceful Pond,KLXX,2CYFC2xg3yXvQPPuH6oIel,https://i.scdn.co/image/ab67616d0000b273765c57f804a8359b89850ce8,https://open.spotify.com/track/2CYFC2xg3yXvQPPuH6oIel,https://p.scdn.co/mp3-preview/03a5df013d71fee16cfbbc4ad35d9a3a71af2294?cid=4598e66debe040afa4e5e77d7f33ee1d,0.135,0.156,0.0388
Shimmering Above,Atmospheric Lights,4PfPTKjMjno9TcIIZmQMQ1,https://i.scdn.co/image/ab67616d0000b2738840354759643da5b1c3cf46,https://open.spotify.com/track/4PfPTKjMjno9TcIIZmQMQ1,https://p.scdn.co/mp3-preview/be23228796a0e6464da72dad6c261d7be59a211e?cid=4598e66debe040afa4e5e77d7f33ee1d,0.0174,0.162,0.0263
Sentiment - Sound Bath,Ara Amar,6NCBhoJxrycWkrkjM3TgFP,https://i.scdn.co/image/ab67616d0000b273dbd0291c0506080ac8c0e11a,https://open.spotify.com/track/6NCBhoJxrycWkrkjM3TgFP,https://p.scdn.co/mp3-preview/c077407a31fe83edc4bbd3fd4be1834fbe2ceffe?cid=4598e66debe040afa4e5e77d7f33ee1d,0.0521,0.105,0.0779
Sandesh,Ajay Samra,3kpkB2326UhsSncNxiVsUC,https://i.scdn.co/image/ab67616d0000b2730f88d2ee3d113df37e7a095c,https://open.spotify.com/track/3kpkB2326UhsSncNxiVsUC,https://p.scdn.co/mp3-preview/80a58ed0182c29587234126a96cd214261812835?cid=4598e66debe040afa4e5e77d7f33ee1d,0.133,0.17,0.104
Tsuki,Ophra,5511siuhanSUczAZ00LBli,https://i.scdn.co/image/ab67616d0000b273d1ec923df03737a3e3edbc9d,https://open.spotify.com/track/5511siuhanSUczAZ00LBli,https://p.scdn.co/mp3-preview/c471db36668e00fa08cc0e4e7f2b040d93818d21?cid=4598e66debe040afa4e5e77d7f33ee1d,0.0161,0.151,0.0351
Muladhara,Unreaa,4vMnOPRUEdAFs5rnP4LKw5,https://i.scdn.co/image/ab67616d0000b273c9dbea23d28956645ed4953d,https://open.spotify.com/track/4vMnOPRUEdAFs5rnP4LKw5,https://p.scdn.co/mp3-preview/a04801b2d04c066fe57e61181cf615e34400b4bf?cid=4598e66debe040afa4e5e77d7f33ee1d,0.073,0.133,0.0383
Weirwood,Aatom,0rjq0cADIoP8x92YLcKSPP,https://i.scdn.co/image/ab67616d0000b273443683b7af3fe3c85ec579ff,https://open.spotify.com/track/0rjq0cADIoP8x92YLcKSPP,https://p.scdn.co/mp3-preview/147af8f68f5fe7761403c535a01ca335f919ef7e?cid=4598e66debe040afa4e5e77d7f33ee1d,0.0671,0.202,0.063
Sleeping Moons - Sound Bath,Atmospheric Lights,4G6yXGixVP0L8y7H7S7VAC,https://i.scdn.co/image/ab67616d0000b273ab49f025772a3099bee233b4,https://open.spotify.com/track/4G6yXGixVP0L8y7H7S7VAC,https://p.scdn.co/mp3-preview/6c5217895f37a38127f80854b5fe45f4473d6253?cid=4598e66debe040afa4e5e77d7f33ee1d,0.00324,0.168,0.0339
The Awakening,Andrea Accorsi,3smuAxUIVqSgUJMS9BDVqx,https://i.scdn.co/image/ab67616d0000b273b61ac34d421504873131d2d4,https://open.spotify.com/track/3smuAxUIVqSgUJMS9BDVqx,https://p.scdn.co/mp3-preview/941b4cb20720e12d6803185e833e6df56b741a80?cid=4598e66debe040afa4e5e77d7f33ee1d,0.177,0.17,0.048
As I Dream,Tranquil Journeys,0sWE39QKRcEFzEkd4fiBDZ,https://i.scdn.co/image/ab67616d0000b273a534c501ec2bf630e8a58a22,https://open.spotify.com/track/0sWE39QKRcEFzEkd4fiBDZ,https://p.scdn.co/mp3-preview/30335f93864284676b42632045863e3f4277ccfb?cid=4598e66debe040afa4e5e77d7f33ee1d,0.0153,0.203,0.0286
Imagine Peace - Meditation,FloatSpace,2i3FV4l3oX8SG4hn1zJ1QK,https://i.scdn.co/image/ab67616d0000b273f344f36dd8f1d0454859c0de,https://open.spotify.com/track/2i3FV4l3oX8SG4hn1zJ1QK,https://p.scdn.co/mp3-preview/450013ee3504d95b00dc2cc102df8ec698e867be?cid=4598e66debe040afa4e5e77d7f33ee1d,0.031,0.0834,0.035
Water Therapy - Soundscapes and Waves,Raf21,7MviasItbMuhm79ZxyMr1o,https://i.scdn.co/image/ab67616d0000b27355fe43bdafee0dadc70acb87,https://open.spotify.com/track/7MviasItbMuhm79ZxyMr1o,https://p.scdn.co/mp3-preview/5056477f7668dfa5dd37cbf17761202de58ea7b5?cid=4598e66debe040afa4e5e77d7f33ee1d,0.171,0.166,0.039
Ambient Shore,"The Quiet Path, The Slumbering One",3IFcHLSFHp57q82Mp8Mljj,https://i.scdn.co/image/ab67616d0000b273877db65bdd8cb2867c5d8abd,https://open.spotify.com/track/3IFcHLSFHp57q82Mp8Mljj,https://p.scdn.co/mp3-preview/2ac16bb42fee38dcd37f13cf44ab0eb62ce1c887?cid=4598e66debe040afa4e5e77d7f33ee1d,0.00278,0.196,0.0299
otsukimi (moon viewing) - Spa,AOI,2dTufw1pSbVMxAiCX5k1B3,https://i.scdn.co/image/ab67616d0000b2730f391a8a95ab2cb056995325,https://open.spotify.com/track/2dTufw1pSbVMxAiCX5k1B3,https://p.scdn.co/mp3-preview/ace53ba4b9d76348125dcc5b1bfac8371edad6ea?cid=4598e66debe040afa4e5e77d7f33ee1d,0.065,0.161,0.0366
Floating senses,Chakrasapiens,3QeAlxO6Q3mRAdM56l0C2Q,https://i.scdn.co/image/ab67616d0000b27377b1744c9d2f23775bd95940,https://open.spotify.com/track/3QeAlxO6Q3mRAdM56l0C2Q,https://p.scdn.co/mp3-preview/37dcf32a467f06a6df98b01eed5bbc353cd93bfa?cid=4598e66debe040afa4e5e77d7f33ee1d,0.00809,0.18,0.0349
Passing Thunder,Reiki Nataraj,6gCGRVnvUQVhldYHRX0ET1,https://i.scdn.co/image/ab67616d0000b273bc7a72b8878948593e1eb064,https://open.spotify.com/track/6gCGRVnvUQVhldYHRX0ET1,https://p.scdn.co/mp3-preview/2db94038a772286917bf83aa6645544552c38829?cid=4598e66debe040afa4e5e77d7f33ee1d,0.00928,0.0614,0.0292
Miracle Tone 528 Hz Solfeggio,Mindful Behaviour,7ytJp03Bb2wkKPYD01Y3Yg,https://i.scdn.co/image/ab67616d0000b273f0e433455dc5d937a4ee880a,https://open.spotify.com/track/7ytJp03Bb2wkKPYD01Y3Yg,https://p.scdn.co/mp3-preview/748537ae70eaa8908aa198d83372382d83d11f6e?cid=4598e66debe040afa4e5e77d7f33ee1d,0.00613,0.211,0.0555
Everything Flows,Prana Morales,6rMAVA0k3aHJ3KOvL9nPhO,https://i.scdn.co/image/ab67616d0000b273e07573a6c854c0a998b466be,https://open.spotify.com/track/6rMAVA0k3aHJ3KOvL9nPhO,https://p.scdn.co/mp3-preview/c70b4c5f4946a7e9e9ed1aa933ffba0c94cea25d?cid=4598e66debe040afa4e5e77d7f33ee1d,0.0126,0.0751,0.0334
Nature's Drone 432Hz,Blissful Drones,0t4H5P4RqjlO7GjmqmoRCm,https://i.scdn.co/image/ab67616d0000b273d46884b1e833d412419cab53,https://open.spotify.com/track/0t4H5P4RqjlO7GjmqmoRCm,https://p.scdn.co/mp3-preview/492930864581b44b6aa6d19651e6112870b5456f?cid=4598e66debe040afa4e5e77d7f33ee1d,0.0942,0.192,0.0377
Comfortable under the Surface,Hanna Lindgren,3W63szGlVtLFTkmrA8dgXJ,https://i.scdn.co/image/ab67616d0000b27387641ef6eee20894e45df740,https://open.spotify.com/track/3W63szGlVtLFTkmrA8dgXJ,https://p.scdn.co/mp3-preview/0d6e3bc58c03f8034660a9e708b6d9972182dac8?cid=4598e66debe040afa4e5e77d7f33ee1d,0.0866,0.226,0.0374
Backwood Recline,Pia Singh,2PFy9vF3sK1J736Dw55Yt8,https://i.scdn.co/image/ab67616d0000b2736df130ba21d04d4d1455ed12,https://open.spotify.com/track/2PFy9vF3sK1J736Dw55Yt8,https://p.scdn.co/mp3-preview/b806164049580de05d2b19e2a0b056399c61fead?cid=4598e66debe040afa4e5e77d7f33ee1d,0.137,0.168,0.0284
Royal Whispers,George Memfri,3n3D4PEIcG5JuLmT094Zt4,https://i.scdn.co/image/ab67616d0000b273e5ea9d372e09c8a78d3428ef,https://open.spotify.com/track/3n3D4PEIcG5JuLmT094Zt4,https://p.scdn.co/mp3-preview/2b5bd3f6ae9308d3f08985d334bbce7855cb6161?cid=4598e66debe040afa4e5e77d7f33ee1d,0.0285,0.0739,0.155
Tributary Balance,Ezmae Forrest,6iCoaYHHA82MZZnxi6nt9h,https://i.scdn.co/image/ab67616d0000b2732fcff36efe5a64fc3654f38b,https://open.spotify.com/track/6iCoaYHHA82MZZnxi6nt9h,https://p.scdn.co/mp3-preview/e4b8970c0f4a2db167e7fcd1e39ecaf252735f89?cid=4598e66debe040afa4e5e77d7f33ee1d,0.0335,0.101,0.0384
Beautiful Path,Caspian Nerida,1BIR1oNAcL7YmST5pnN8m4,https://i.scdn.co/image/ab67616d0000b27397b2bbfe73b20aa04f340f7a,https://open.spotify.com/track/1BIR1oNAcL7YmST5pnN8m4,https://p.scdn.co/mp3-preview/dedfcf96beeb51b4cdea6c07674fb4e2635d43c0?cid=4598e66debe040afa4e5e77d7f33ee1d,0.0388,0.196,0.19
Somos Tierra,Ancestral Beats,7AVLKd5agjTZWrfjxBTMHX,https://i.scdn.co/image/ab67616d0000b273f5cf1b28f400e069e59ad1b3,https://open.spotify.com/track/7AVLKd5agjTZWrfjxBTMHX,https://p.scdn.co/mp3-preview/ddbf3901d1a566df4ffda9d057a14e5557e64c75?cid=4598e66debe040afa4e5e77d7f33ee1d,0.281,0.134,0.0986
Emberly Path,Peaceful Plausible,6LQiwabLqjy1jEJEACKcyj,https://i.scdn.co/image/ab67616d0000b27338e5f2bd3bb5066c2695ef35,https://open.spotify.com/track/6LQiwabLqjy1jEJEACKcyj,https://p.scdn.co/mp3-preview/6bb7b5347effe64d56aff8f9319494826ba9120f?cid=4598e66debe040afa4e5e77d7f33ee1d,0.249,0.315,0.0368
Legacy Drift - Nature Noise Version,Aquaimo,3hnpbd1LlHPeCCw7ugjTsO,https://i.scdn.co/image/ab67616d0000b273af6a0c79cf736d3970997cc1,https://open.spotify.com/track/3hnpbd1LlHPeCCw7ugjTsO,https://p.scdn.co/mp3-preview/742c5d9242fd267073d3c53283e92f0ee2b48ef7?cid=4598e66debe040afa4e5e77d7f33ee1d,0.0304,0.152,0.0392
Yantra 432hz,Abe Hathot,2PCp2VuoWNGTGZiY6oVEU3,https://i.scdn.co/image/ab67616d0000b273c8e9ce148557a1df68cbe753,https://open.spotify.com/track/2PCp2VuoWNGTGZiY6oVEU3,https://p.scdn.co/mp3-preview/bc347412e1d2f89f43dab64c4ee3c40176a6ed7c?cid=4598e66debe040afa4e5e77d7f33ee1d,0.202,0.14,0.0386
From Sharavati,Dormironauts,3zLjHmnEHwc9bt1EsuqRDK,https://i.scdn.co/image/ab67616d0000b2736af4fd42b665bb0bc7ea10fc,https://open.spotify.com/track/3zLjHmnEHwc9bt1EsuqRDK,https://p.scdn.co/mp3-preview/fda8c6f96d9fc1d6f8c1663680ccd93334bf8661?cid=4598e66debe040afa4e5e77d7f33ee1d,0.131,0.156,0.0642
Relaxing Sines,Unity & Harmony,37IhtbzEutZBpgMsbh3nMA,https://i.scdn.co/image/ab67616d0000b2730b42b137ac22e72e4840f6ea,https://open.spotify.com/track/37IhtbzEutZBpgMsbh3nMA,https://p.scdn.co/mp3-preview/96d575a050d2c328d6d5f6d43093e3bae01b0ec8?cid=4598e66debe040afa4e5e77d7f33ee1d,0.0285,0.122,0.0398
Ok Now,Everlights,5TxpjKtcv5DPHClGoIbwxJ,https://i.scdn.co/image/ab67616d0000b273c2a2ea7cb88497578299525a,https://open.spotify.com/track/5TxpjKtcv5DPHClGoIbwxJ,https://p.scdn.co/mp3-preview/ba8627a0035c0d6640b909e89df8487563b396a0?cid=4598e66debe040afa4e5e77d7f33ee1d,0.0318,0.168,0.115
"Self-Healing, Vol. 2 - Pt. 13 (subliminal)",Steven Halpern,26IT74ZDpOmplNGd68E1de,https://i.scdn.co/image/ab67616d0000b2732969efbda4f445ca28367176,https://open.spotify.com/track/26IT74ZDpOmplNGd68E1de,https://p.scdn.co/mp3-preview/207fff3bdaf0723f5db0a6458fde3a63de02aa7e?cid=4598e66debe040afa4e5e77d7f33ee1d,0.00817,0.0582,0.0285
Slow Mind Down,Universal Mind,54FbTXlSUxVbW9GzdqeTTb,https://i.scdn.co/image/ab67616d0000b2731ce4bce4808f7f5519c9f149,https://open.spotify.com/track/54FbTXlSUxVbW9GzdqeTTb,https://p.scdn.co/mp3-preview/1d56edd321a32de7a7ba69038dacccb3d677b951?cid=4598e66debe040afa4e5e77d7f33ee1d,0.103,0.121,0.0345
Peaceful Calmness,Matusi,6RutZE4FLbhhYQEMcgDhwI,https://i.scdn.co/image/ab67616d0000b27377ac2d65e83f21acfba88b23,https://open.spotify.com/track/6RutZE4FLbhhYQEMcgDhwI,https://p.scdn.co/mp3-preview/dc11182de9b0c1b38a7210d4fffb7be40d9d6bb1?cid=4598e66debe040afa4e5e77d7f33ee1d,0.202,0.245,0.0369
Phantoms,Everlight,6hy4E7w34T5hAEtYQlYMXG,https://i.scdn.co/image/ab67616d0000b273433d45d8428285306a83fb53,https://open.spotify.com/track/6hy4E7w34T5hAEtYQlYMXG,https://p.scdn.co/mp3-preview/ee87ca2bf39f7eab57e5d6559b86af59a6ef8c55?cid=4598e66debe040afa4e5e77d7f33ee1d,0.0103,0.0863,0.0482
Dreamtime,Liana,3gtEg83VqmivKPUxhDLbSb,https://i.scdn.co/image/ab67616d0000b2737b7cd8ec75907e897ce87209,https://open.spotify.com/track/3gtEg83VqmivKPUxhDLbSb,https://p.scdn.co/mp3-preview/a1be7d6b04ca8866924ea8d482d377b25750ec9b?cid=4598e66debe040afa4e5e77d7f33ee1d,0.0195,0.223,0.0359
Sanguive,Joseph Beg,1La57hfPOSYvzPwDUXXlwv,https://i.scdn.co/image/ab67616d0000b273f41f6ff4bb4e17731fb917d6,https://open.spotify.com/track/1La57hfPOSYvzPwDUXXlwv,https://p.scdn.co/mp3-preview/a276780b521ad4497c1f040eb23ecf42eb02f5ec?cid=4598e66debe040afa4e5e77d7f33ee1d,0.117,0.148,0.112
Seatherny,Peaceful Village,5ZWxmqAvPQqLKaflbMnRWw,https://i.scdn.co/image/ab67616d0000b2734bda61f83a0f6ab2f4e67675,https://open.spotify.com/track/5ZWxmqAvPQqLKaflbMnRWw,https://p.scdn.co/mp3-preview/80e23af9efe8c45478bc5a86a17d00b6157b43ad?cid=4598e66debe040afa4e5e77d7f33ee1d,0.265,0.313,0.0641
Breath Of The Wilderness,Mhino,7lVRii95o1sRkanRZTNVOk,https://i.scdn.co/image/ab67616d0000b273e358db19ddc4cd2f0d8cde9c,https://open.spotify.com/track/7lVRii95o1sRkanRZTNVOk,https://p.scdn.co/mp3-preview/686939b50a0c5008e6bb6c9dac84097e4ac5adfc?cid=4598e66debe040afa4e5e77d7f33ee1d,0.0834,0.18,0.0664
Avenoir,Mathilda Skonare Karlsson,2uAfciE7VqSEgakqkY5z0J,https://i.scdn.co/image/ab67616d0000b273a73632dfc8e604215369ee08,https://open.spotify.com/track/2uAfciE7VqSEgakqkY5z0J,https://p.scdn.co/mp3-preview/205588c90c218d09e09532b256165c2f88a66e5f?cid=4598e66debe040afa4e5e77d7f33ee1d,0.0276,0.16,0.0358
No Beginning No End,Coherent Energy,08Ud09yKK3KT1ylfWzBF8p,https://i.scdn.co/image/ab67616d0000b2737853d80bb9401f86ca50b6ab,https://open.spotify.com/track/08Ud09yKK3KT1ylfWzBF8p,https://p.scdn.co/mp3-preview/5e27b77b5eff40ac1c73f415d83b28f7f1dde269?cid=4598e66debe040afa4e5e77d7f33ee1d,0.122,0.0683,0.0311
Portraits (Sound Bath),For The Lost,0RyfmZbX3IIJcv6QE8lHmH,https://i.scdn.co/image/ab67616d0000b2731f2880b479a34523d1001d4e,https://open.spotify.com/track/0RyfmZbX3IIJcv6QE8lHmH,https://p.scdn.co/mp3-preview/0476e8f4edced32adffa1993f3ec2e07b9c3f5e3?cid=4598e66debe040afa4e5e77d7f33ee1d,0.0963,0.142,0.0399
Praeniteo,Chasing The Eclipse,33o8qJ9gYei7lJe7FT2ZTY,https://i.scdn.co/image/ab67616d0000b273d16e8db4e64b64dd089456e3,https://open.spotify.com/track/33o8qJ9gYei7lJe7FT2ZTY,https://p.scdn.co/mp3-preview/ba4ff6b5eb31c8e28b2c982ca2a55c682fa8b822?cid=4598e66debe040afa4e5e77d7f33ee1d,0.0313,0.271,0.0518
Essence,George Memfri,5k4d2aTb3iv6SyPFM2ThRt,https://i.scdn.co/image/ab67616d0000b27353895b4934c169f064f741b9,https://open.spotify.com/track/5k4d2aTb3iv6SyPFM2ThRt,https://p.scdn.co/mp3-preview/e3ddc6b9e8cc6900a351e715535fcbd1c7a699dc?cid=4598e66debe040afa4e5e77d7f33ee1d,0.0164,0.151,0.0381
Lion's Breath,LiKKma,0ifTzLcsRUIqaYH8DfiLbx,https://i.scdn.co/image/ab67616d0000b2733d36a50f86fac373e5ad5815,https://open.spotify.com/track/0ifTzLcsRUIqaYH8DfiLbx,https://p.scdn.co/mp3-preview/9b11c15cde03e47d8c973009ac4c2f1c8d286f87?cid=4598e66debe040afa4e5e77d7f33ee1d,0.0201,0.178,0.0351
Quechee,Stig Dahl,0YHo8BjNpNr35qkQ06OB7Y,https://i.scdn.co/image/ab67616d0000b273ba0127cbf39bafaf21594b69,https://open.spotify.com/track/0YHo8BjNpNr35qkQ06OB7Y,https://p.scdn.co/mp3-preview/e9510c1bf339ff109b414707cff49c7916e674b7?cid=4598e66debe040afa4e5e77d7f33ee1d,0.0353,0.146,0.141
Mountaintop Birdwalk,Overdue Soles,7joXZ5D0jFDEzkSsGIgCcy,https://i.scdn.co/image/ab67616d0000b2730a69ef3258d218a5ee52e96a,https://open.spotify.com/track/7joXZ5D0jFDEzkSsGIgCcy,https://p.scdn.co/mp3-preview/c4a881010ca81f93a8b8a49ba41ae794968966d3?cid=4598e66debe040afa4e5e77d7f33ee1d,0.0523,0.136,0.155
Springtime Bird,Orakleminds,3VW0JyEfyYHqmhiZORcdTr,https://i.scdn.co/image/ab67616d0000b273a8d1f432e07895072e7ddb91,https://open.spotify.com/track/3VW0JyEfyYHqmhiZORcdTr,https://p.scdn.co/mp3-preview/28d7aa48f96bd69864939e05789df20e13e10b68?cid=4598e66debe040afa4e5e77d7f33ee1d,0.17,0.155,0.0388
Rain Spirit,Alexandra Irwin,3lrkbRgRSxQFXlJRz2PbK7,https://i.scdn.co/image/ab67616d0000b273e050d0db2dbc7411b7b364f3,https://open.spotify.com/track/3lrkbRgRSxQFXlJRz2PbK7,https://p.scdn.co/mp3-preview/0d34e5ea13b144e360deebb85d00d70ecd8e285f?cid=4598e66debe040afa4e5e77d7f33ee1d,0.0933,0.176,0.0397
Vila,Johanna Frid,2M78TKNx5DGgXKfCPTHIXK,https://i.scdn.co/image/ab67616d0000b27329120254aff63c6103128ed4,https://open.spotify.com/track/2M78TKNx5DGgXKfCPTHIXK,https://p.scdn.co/mp3-preview/38c09d6451b8f3d6ea113abc57fb7fb7ff2a49bd?cid=4598e66debe040afa4e5e77d7f33ee1d,0.0335,0.0664,0.0371
Herinneringen (Sound Bath),Sohn Aelia,3S2TvczOa5YQQPqkn7Khtp,https://i.scdn.co/image/ab67616d0000b273c9e46ee41d934ea7d1c1a6c1,https://open.spotify.com/track/3S2TvczOa5YQQPqkn7Khtp,https://p.scdn.co/mp3-preview/b34e939ccf425e2c0816edacd656eac9f4fcdab9?cid=4598e66debe040afa4e5e77d7f33ee1d,0.0807,0.0883,0.0872
Verjongen,Femke Edelijn,7tXeUZJmBp9cngsIziXi9e,https://i.scdn.co/image/ab67616d0000b273d8b725cc29dbdea8954c901a,https://open.spotify.com/track/7tXeUZJmBp9cngsIziXi9e,https://p.scdn.co/mp3-preview/7ca0ad2d699b23f4960eba90228322386d5cd064?cid=4598e66debe040afa4e5e77d7f33ee1d,0.0285,0.149,0.0836
Gentle Forest Rain,Min Sosa,3aSqeNxCjNPKFZOXrfl4li,https://i.scdn.co/image/ab67616d0000b2730ec720e412a67fc82bd0390a,https://open.spotify.com/track/3aSqeNxCjNPKFZOXrfl4li,https://p.scdn.co/mp3-preview/94ccb84de9b0400e01c8d1aa6fe6d68f72acaeb2?cid=4598e66debe040afa4e5e77d7f33ee1d,0.18,0.275,0.0787
Dream Birds,Ashcan Johansen,10XcNcTJsPmsnqjiI0aUeE,https://i.scdn.co/image/ab67616d0000b2730f1c992766b68bd1474d8391,https://open.spotify.com/track/10XcNcTJsPmsnqjiI0aUeE,https://p.scdn.co/mp3-preview/674d79593f4111d22958bb1ff152f34b08e01837?cid=4598e66debe040afa4e5e77d7f33ee1d,0.0562,0.192,0.0387
Bubblecave Soothe,Brett McLaughlin,6370D5hodxRUVaYgczjlWQ,https://i.scdn.co/image/ab67616d0000b273eec56ee522b5b085c4381887,https://open.spotify.com/track/6370D5hodxRUVaYgczjlWQ,https://p.scdn.co/mp3-preview/ffc488af8bf56ec7a5eb5c7a6b549185d127a1e2?cid=4598e66debe040afa4e5e77d7f33ee1d,0.12,0.164,0.0371
Birds in Song,Mind Shores,6AP5tmPtYpz14bX1Iut1mG,https://i.scdn.co/image/ab67616d0000b27353d83b7922cc4285d025c5e2,https://open.spotify.com/track/6AP5tmPtYpz14bX1Iut1mG,https://p.scdn.co/mp3-preview/7dcedc0df91d9c5897fab84146a3118b64735580?cid=4598e66debe040afa4e5e77d7f33ee1d,0.353,0.191,0.0336
Sandy Beaches,Gusta,1EdUVLHbFfHcTvKVXDBjcR,https://i.scdn.co/image/ab67616d0000b2737f509acf5771cfee1d7035a5,https://open.spotify.com/track/1EdUVLHbFfHcTvKVXDBjcR,https://p.scdn.co/mp3-preview/d5fd84afdd3b3e3a5d566ad3a595dfd81398af92?cid=4598e66debe040afa4e5e77d7f33ee1d,0.187,0.163,0.0594
Aves Aristophanis,Zibra Inguzu,0hf4OAdQiOvMlMcRsYoHqK,https://i.scdn.co/image/ab67616d0000b2732efc6e968d0de966fbed4893,https://open.spotify.com/track/0hf4OAdQiOvMlMcRsYoHqK,https://p.scdn.co/mp3-preview/e7c8689b74dec613ae3582f4c70f3edf09d0e29c?cid=4598e66debe040afa4e5e77d7f33ee1d,0.0274,0.202,0.0513
The Sun Has Risen - Instrumental,"Abe Hathot, Firas Roby",1yUMnQ7kDd874TaPn924Lo,https://i.scdn.co/image/ab67616d0000b2737b084e820e8b6b36f7931901,https://open.spotify.com/track/1yUMnQ7kDd874TaPn924Lo,https://p.scdn.co/mp3-preview/9a3dac227cce2ea25ce6f6ce5a62785178db35c4?cid=4598e66debe040afa4e5e77d7f33ee1d,0.062,0.127,0.0399
Impulser,Maja Balder,6gdtCejkpEErLHR45XmaGj,https://i.scdn.co/image/ab67616d0000b273092d68bc5e6cb775a1ddf817,https://open.spotify.com/track/6gdtCejkpEErLHR45XmaGj,https://p.scdn.co/mp3-preview/1f88ae2ea4a41fa633fe2f68263b177e61f7e004?cid=4598e66debe040afa4e5e77d7f33ee1d,0.0202,0.106,0.0738
Relajación espiritual (Sound Bath),Toga Bali,4oetcmOX3Se7HSEzFuymZ4,https://i.scdn.co/image/ab67616d0000b273cc57afe2a35fcf20d8aebfec,https://open.spotify.com/track/4oetcmOX3Se7HSEzFuymZ4,https://p.scdn.co/mp3-preview/25ba3490986b3ebe07983725ea40d15ca0fc2c88?cid=4598e66debe040afa4e5e77d7f33ee1d,0.024,0.0835,0.0431
Move With the World,Andrei Floarea,4rdGFY7PaFbiYdtt0XFFcb,https://i.scdn.co/image/ab67616d0000b273906821e0948d8e0d21384815,https://open.spotify.com/track/4rdGFY7PaFbiYdtt0XFFcb,https://p.scdn.co/mp3-preview/de985286e4f75d6243038224c2d47a809e92af47?cid=4598e66debe040afa4e5e77d7f33ee1d,0.176,0.112,0.0758
Eucalyptus Breeze,Peaceful Clarity,41uYACY72buj6Bfp1BNDKP,https://i.scdn.co/image/ab67616d0000b273a7cfe3ce28d590ae38073982,https://open.spotify.com/track/41uYACY72buj6Bfp1BNDKP,https://p.scdn.co/mp3-preview/58d188b05a27ef5f65b32c7de0a50bbd4725ca6a?cid=4598e66debe040afa4e5e77d7f33ee1d,0.0382,0.215,0.0508
Tones of Nature,Adam By Nature,78jPG2b6dRYEn5xtf36TxI,https://i.scdn.co/image/ab67616d0000b273db750a0b0cb332bfd7ff59f8,https://open.spotify.com/track/78jPG2b6dRYEn5xtf36TxI,https://p.scdn.co/mp3-preview/7628b5e36ebc7408f6e02a0c5a882ae070f12c17?cid=4598e66debe040afa4e5e77d7f33ee1d,0.00555,0.145,0.0555
Onsen Ritual,Joseph Beg,5J4hAza3Nkap5HxhKYiCqE,https://i.scdn.co/image/ab67616d0000b273eea4b2359c57d306cf4837d5,https://open.spotify.com/track/5J4hAza3Nkap5HxhKYiCqE,https://p.scdn.co/mp3-preview/1be6f4f9912c2c92e190e016b1521f2c1e68a5a0?cid=4598e66debe040afa4e5e77d7f33ee1d,0.11,0.159,0.0339
Unto Nothing,Sonic Being,5cLtfV0IzXgQmYXC2e6dm1,https://i.scdn.co/image/ab67616d0000b27314fb319581bda75796c2f667,https://open.spotify.com/track/5cLtfV0IzXgQmYXC2e6dm1,https://p.scdn.co/mp3-preview/180d2f0c3483e2678ecbba5dd4f0b6fc546b8e39?cid=4598e66debe040afa4e5e77d7f33ee1d,0.0902,0.0718,0.0341
Chrystal Waters,Astral View,0STNzJ42S02Ep6mcnwLfMW,https://i.scdn.co/image/ab67616d0000b2732e4f6f5ae6d503a30ab5c4ca,https://open.spotify.com/track/0STNzJ42S02Ep6mcnwLfMW,https://p.scdn.co/mp3-preview/802e9bc320d455e4b37414d54072543886fa7d4d?cid=4598e66debe040afa4e5e77d7f33ee1d,0.032,0.158,0.0368
First Ray of Sun,Northern Lights,7lEws7eRAGDDUY39l8VlBH,https://i.scdn.co/image/ab67616d0000b273b123136de940aa61e9f1b4fa,https://open.spotify.com/track/7lEws7eRAGDDUY39l8VlBH,https://p.scdn.co/mp3-preview/781017b5bcbc25b313efb83328870c6f48c2ac17?cid=4598e66debe040afa4e5e77d7f33ee1d,0.195,0.167,0.0348
Gentle Sail,Highland Falls,0jk7Cda4qWk0f4zxShEDim,https://i.scdn.co/image/ab67616d0000b273c63f17680f81606e73f9cc14,https://open.spotify.com/track/0jk7Cda4qWk0f4zxShEDim,https://p.scdn.co/mp3-preview/d0753b4a6e5d2533108d071b0ec5a02027dfe924?cid=4598e66debe040afa4e5e77d7f33ee1d,0.151,0.0776,0.217
Meas,Nolene Britton,6KoQyTkDaxANLiB1K7a8Jw,https://i.scdn.co/image/ab67616d0000b27364322eef620e78c8b504f730,https://open.spotify.com/track/6KoQyTkDaxANLiB1K7a8Jw,https://p.scdn.co/mp3-preview/ed08bb0e4e675ccdb15f62e5ad0226e44ae7f60c?cid=4598e66debe040afa4e5e77d7f33ee1d,0.0763,0.283,0.0953
Morning Birds,Liam Armstrong,6RLN4bPw3Z8I7HAbY6mD37,https://i.scdn.co/image/ab67616d0000b273b19a56f74b2c10e665434c66,https://open.spotify.com/track/6RLN4bPw3Z8I7HAbY6mD37,https://p.scdn.co/mp3-preview/0f0b3c963a1db5512004db1b44986db0133b1daa?cid=4598e66debe040afa4e5e77d7f33ee1d,0.127,0.284,0.111
Relaxing Water Flow,Bed of Flowers,0WI552XdVtIsWJzxU0vxXA,https://i.scdn.co/image/ab67616d0000b27387563a48868082641f6a5d2d,https://open.spotify.com/track/0WI552XdVtIsWJzxU0vxXA,https://p.scdn.co/mp3-preview/4d34920b8ee24ebf95f0ac9698080b4b425ffe7d?cid=4598e66debe040afa4e5e77d7f33ee1d,0.303,0.325,0.0898
Jubran's Lake (432hz),Abe Hathot,4P5fMFcTqzz8yEPMT9bF8d,https://i.scdn.co/image/ab67616d0000b27316b5c79c5ed4315ba1ff6c4c,https://open.spotify.com/track/4P5fMFcTqzz8yEPMT9bF8d,https://p.scdn.co/mp3-preview/4901328bfc2d5b3569dbbcb9213ae05b377ae66e?cid=4598e66debe040afa4e5e77d7f33ee1d,0.191,0.156,0.0376
Brisa De Verano,Leyre Bacque,6asta0OEYlhLz56nOavzWp,https://i.scdn.co/image/ab67616d0000b273227358da5c47c967fa6d641d,https://open.spotify.com/track/6asta0OEYlhLz56nOavzWp,https://p.scdn.co/mp3-preview/75630e434d6f060521be7c1736315346e5a0a930?cid=4598e66debe040afa4e5e77d7f33ee1d,0.0568,0.161,0.0969
Up Above,Amosento,3OIg6QE59Pye3cK1oRCp54,https://i.scdn.co/image/ab67616d0000b2739f31e7a47dec7a8dda7dcbcb,https://open.spotify.com/track/3OIg6QE59Pye3cK1oRCp54,https://p.scdn.co/mp3-preview/3b2d05425da196911a847cbdb173768760dbe500?cid=4598e66debe040afa4e5e77d7f33ee1d,0.0134,0.167,0.0296
Sprout Valley,Quiet Point,1zq1IjSWVsKDPQ2OIzBMpl,https://i.scdn.co/image/ab67616d0000b273abb15db55c507da44c5545dc,https://open.spotify.com/track/1zq1IjSWVsKDPQ2OIzBMpl,https://p.scdn.co/mp3-preview/ff1e14ef55eda8caeb8e622f6c278b2a4bb98104?cid=4598e66debe040afa4e5e77d7f33ee1d,0.0236,0.167,0.0379
Blue Lagoon,Divine Retreat,0LH00hv3INJ0z0STsmR1mB,https://i.scdn.co/image/ab67616d0000b273b856424bad0fe5af0ff47830,https://open.spotify.com/track/0LH00hv3INJ0z0STsmR1mB,https://p.scdn.co/mp3-preview/6ae1fb540b20c630d9f88a9010bdb5d1c765e6e6?cid=4598e66debe040afa4e5e77d7f33ee1d,0.0366,0.188,0.0357
Magnetic Dream,Ripple Tone,3c3p7n6aV4hHIV4L01dU9c,https://i.scdn.co/image/ab67616d0000b273c03766e6d1372bd6fa0aa3e5,https://open.spotify.com/track/3c3p7n6aV4hHIV4L01dU9c,https://p.scdn.co/mp3-preview/47b1dc2aef7b14399a9d0e967d33354c2de148da?cid=4598e66debe040afa4e5e77d7f33ee1d,0.0296,0.303,0.125
Tantra,Catch Your Dream,16oB4C6uTdcJBU5FJYXKpR,https://i.scdn.co/image/ab67616d0000b273881f4ee3440e87663292324e,https://open.spotify.com/track/16oB4C6uTdcJBU5FJYXKpR,https://p.scdn.co/mp3-preview/565eb24630a11400dddb09acb0070db68b82c6c1?cid=4598e66debe040afa4e5e77d7f33ee1d,0.074,0.235,0.206
Reche Drone In Rain,Floating Portal,5TdsdSdpWUPgeO4a4W2Qsa,https://i.scdn.co/image/ab67616d0000b273898521158de5d8698ccb45ce,https://open.spotify.com/track/5TdsdSdpWUPgeO4a4W2Qsa,https://p.scdn.co/mp3-preview/0fb9acf463e32c02c1d35c25d356be4aefeeccb7?cid=4598e66debe040afa4e5e77d7f33ee1d,0.276,0.18,0.234
Astral Wonder,Moon Oceans,7En6m2Yg3J1zAq895bxl78,https://i.scdn.co/image/ab67616d0000b273eead881dcb70a12bad1c3d5b,https://open.spotify.com/track/7En6m2Yg3J1zAq895bxl78,https://p.scdn.co/mp3-preview/2f96b65f5e02b034e4f94f8a67fba343ffcd5b53?cid=4598e66debe040afa4e5e77d7f33ee1d,0.143,0.171,0.0374
Karlavagnen,Karlavagnen,7kdnp9XpskkNjGDRlmb8nw,https://i.scdn.co/image/ab67616d0000b2733b40c140b6722781de4b19e5,https://open.spotify.com/track/7kdnp9XpskkNjGDRlmb8nw,https://p.scdn.co/mp3-preview/a935e31177631fe7331b3887411c5fc70826d6c9?cid=4598e66debe040afa4e5e77d7f33ee1d,0.0343,0.0916,0.0424
Montana,Isobel Belano,0gBjWQIJ9KcdzT26UzkNqn,https://i.scdn.co/image/ab67616d0000b273b0205e91ac707ea1f965f4cb,https://open.spotify.com/track/0gBjWQIJ9KcdzT26UzkNqn,https://p.scdn.co/mp3-preview/d65c03c8be8604333a1e3f6b8a6972f8f699ca23?cid=4598e66debe040afa4e5e77d7f33ee1d,0.0901,0.338,0.115
Electron,Sisi Row,0KkNeFOoAKW0NkhaleFeGk,https://i.scdn.co/image/ab67616d0000b273f6ef5b08ca9fc920f1323735,https://open.spotify.com/track/0KkNeFOoAKW0NkhaleFeGk,https://p.scdn.co/mp3-preview/eb8c65f153d430a5f4b359c4faefe26f6592886f?cid=4598e66debe040afa4e5e77d7f33ee1d,0.201,0.25,0.0663
Forever Still,Northern Lights,4ViOd3CXbcjX9Y4P6robx4,https://i.scdn.co/image/ab67616d0000b273a8a91ba1f4ac1579a1cf270d,https://open.spotify.com/track/4ViOd3CXbcjX9Y4P6robx4,https://p.scdn.co/mp3-preview/bfc27dde45a93b53b01b183fbefbcade4142ed7e?cid=4598e66debe040afa4e5e77d7f33ee1d,0.181,0.202,0.0376
Fading Out,Steven Goldmund,1GG2rqEQi9OyH1pA8A7qGl,https://i.scdn.co/image/ab67616d0000b273e5eff55f6ca06b4cdc17e0c9,https://open.spotify.com/track/1GG2rqEQi9OyH1pA8A7qGl,https://p.scdn.co/mp3-preview/0fed3a83c52f19d90a0b9c63b0bc64146c46d997?cid=4598e66debe040afa4e5e77d7f33ee1d,0.0477,0.133,0.145
Mi Querida Flor,Momento,65YJeKP2rTIXKOG34CLvZ5,https://i.scdn.co/image/ab67616d0000b273e079fa773552ff3927c891cd,https://open.spotify.com/track/65YJeKP2rTIXKOG34CLvZ5,https://p.scdn.co/mp3-preview/5be51a1ea1651ea23e93ab993db559159dd9c41f?cid=4598e66debe040afa4e5e77d7f33ee1d,0.188,0.317,0.0634
Sueño tranquilo,Pedro Caceres,7vCDAK4DJNr1GHYEG3Ylyp,https://i.scdn.co/image/ab67616d0000b273af04610fcc3de824f27a0cbf,https://open.spotify.com/track/7vCDAK4DJNr1GHYEG3Ylyp,https://p.scdn.co/mp3-preview/0af0bb04f98976002546c7499f6629294ac06868?cid=4598e66debe040afa4e5e77d7f33ee1d,0.0237,0.239,0.0698
Everyday Peace,Moira Kent,7CGtdNBijQGEvkZeLU4699,https://i.scdn.co/image/ab67616d0000b273a74b16aaa83eef5671c7f131,https://open.spotify.com/track/7CGtdNBijQGEvkZeLU4699,https://p.scdn.co/mp3-preview/efbcc246c0917cfee30d720885c349d6940c5273?cid=4598e66debe040afa4e5e77d7f33ee1d,0.0795,0.194,0.0378
Sleeping Trees,John Ocean,4LGW9dwnuR8a3G1GWcAubi,https://i.scdn.co/image/ab67616d0000b27332133009a5997afc0b9e1ed5,https://open.spotify.com/track/4LGW9dwnuR8a3G1GWcAubi,https://p.scdn.co/mp3-preview/1bb263bad4d9cfd056872828aff9ab46c420bcbf?cid=4598e66debe040afa4e5e77d7f33ee1d,0.252,0.211,0.0377
Affinity,FANAR,0N0nIMZDHHv9vCbo1XfN5a,https://i.scdn.co/image/ab67616d0000b2736bc9067a296413515a48956a,https://open.spotify.com/track/0N0nIMZDHHv9vCbo1XfN5a,https://p.scdn.co/mp3-preview/3af07dcdba926930f8ec553969d14a4e159dbd13?cid=4598e66debe040afa4e5e77d7f33ee1d,0.199,0.286,0.0952
Many Worlds,Sureborn,3ZLa3mv9jM0CzuhKMqsOgE,https://i.scdn.co/image/ab67616d0000b27312465bfd773cedf8271b1a58,https://open.spotify.com/track/3ZLa3mv9jM0CzuhKMqsOgE,https://p.scdn.co/mp3-preview/b0436b8f701cad8371770ff4ff8c396cd8c58186?cid=4598e66debe040afa4e5e77d7f33ee1d,0.0833,0.0933,0.0381
Transpiration,Carl Borg,3Koh8Xr3jVE6CpvScHeoa0,https://i.scdn.co/image/ab67616d0000b2735aded757915b1ce281440091,https://open.spotify.com/track/3Koh8Xr3jVE6CpvScHeoa0,https://p.scdn.co/mp3-preview/367fb6396ade1350be685f618ad2c1efc0707ed3?cid=4598e66debe040afa4e5e77d7f33ee1d,0.119,0.174,0.0811
Crystal Caves,Franz Emerald,7dXXZTESEoAUB316nR7E9T,https://i.scdn.co/image/ab67616d0000b273122eb887aaa9648b96ab8db0,https://open.spotify.com/track/7dXXZTESEoAUB316nR7E9T,https://p.scdn.co/mp3-preview/f7878e173470a5025168a567c3e3ec72aea39ee0?cid=4598e66debe040afa4e5e77d7f33ee1d,0.222,0.178,0.0332
Furlong Shams,Bjorkman,2dvD8sJcHubn9H7JBxxDH6,https://i.scdn.co/image/ab67616d0000b2731f915555d13508cf701f8702,https://open.spotify.com/track/2dvD8sJcHubn9H7JBxxDH6,https://p.scdn.co/mp3-preview/22adf40e45e91b32264ff77f0f59febf8b639900?cid=4598e66debe040afa4e5e77d7f33ee1d,0.0937,0.0885,0.0335
Beyond The Mind,Enapay,60CvgWVmBjyX1Xx6zD86Me,https://i.scdn.co/image/ab67616d0000b273255784f084cdd374eefffc60,https://open.spotify.com/track/60CvgWVmBjyX1Xx6zD86Me,https://p.scdn.co/mp3-preview/44cee07c82c885e183d65e2f7644a8197fc0b3b5?cid=4598e66debe040afa4e5e77d7f33ee1d,0.08,0.175,0.0374
Lone Star,Malto Fanier,1bb6MO8FWJ9deNUfLcNybk,https://i.scdn.co/image/ab67616d0000b273766cf9f70d1625530dfe916a,https://open.spotify.com/track/1bb6MO8FWJ9deNUfLcNybk,https://p.scdn.co/mp3-preview/8345aa42f6e3819cc3c9da103e6cc5ff6b17878b?cid=4598e66debe040afa4e5e77d7f33ee1d,0.197,0.111,0.039
Arriving in the Future,Intentional Vibes,5mlBO8SStnPwBA4rikjbuv,https://i.scdn.co/image/ab67616d0000b273a148a12c7142f8baf36037b4,https://open.spotify.com/track/5mlBO8SStnPwBA4rikjbuv,https://p.scdn.co/mp3-preview/78fae5109d6e70055d63e528f89afa6fe31ce37f?cid=4598e66debe040afa4e5e77d7f33ee1d,0.227,0.227,0.0334
Touch Of Light,Dawn Sankrit,0btPgQRq46JCg9Yu3buYWg,https://i.scdn.co/image/ab67616d0000b2733faebcb1e18c0dcce7b93fc1,https://open.spotify.com/track/0btPgQRq46JCg9Yu3buYWg,https://p.scdn.co/mp3-preview/ad9bc89c2c3f7cc143d0cd47de1e23e55213e90e?cid=4598e66debe040afa4e5e77d7f33ee1d,0.0604,0.197,0.065
Myriads,12dust,5JUL9mfxiKDuBx4H3ZZJAD,https://i.scdn.co/image/ab67616d0000b2731ebbbbca287fbdcd96bf3ed1,https://open.spotify.com/track/5JUL9mfxiKDuBx4H3ZZJAD,https://p.scdn.co/mp3-preview/f664add18897230e4bba04c00ac030c44fd8e5ef?cid=4598e66debe040afa4e5e77d7f33ee1d,0.0999,0.256,0.0397
Don't Go Where I Can't Find You,"Eraldo Bernocchi, Harold Budd, Robin Guthrie",6RtdBwIiYavQENjkE6JCba,https://i.scdn.co/image/ab67616d0000b273a6a6d01335fb146004709a13,https://open.spotify.com/track/6RtdBwIiYavQENjkE6JCba,https://p.scdn.co/mp3-preview/cd29585630ca013fb3c6fda2f6f783f47824e151?cid=4598e66debe040afa4e5e77d7f33ee1d,0.104,0.0821,0.0354
Limoges,Primer Dia,6Prt67giLGsZm60AjT1dlh,https://i.scdn.co/image/ab67616d0000b273efe2740c91d20e9ec0dff1fd,https://open.spotify.com/track/6Prt67giLGsZm60AjT1dlh,https://p.scdn.co/mp3-preview/50ede24c2a9492a2e1cfd5622d6792c73da94d55?cid=4598e66debe040afa4e5e77d7f33ee1d,0.211,0.279,0.0384
Deep Thoughts,Danny Shamoun,3FVd5GGOeJFvU97JFH7jMH,https://i.scdn.co/image/ab67616d0000b27329dd67de0159fa99b4ad450b,https://open.spotify.com/track/3FVd5GGOeJFvU97JFH7jMH,https://p.scdn.co/mp3-preview/9b320234a9170deb7f1640bfdb7b1073515f39ae?cid=4598e66debe040afa4e5e77d7f33ee1d,0.186,0.136,0.0368
Hills Of Clarity,Elevated Minds,3HvwuHV9xd0VGi0GncXgoL,https://i.scdn.co/image/ab67616d0000b273d14798cba966c16c60b9fd47,https://open.spotify.com/track/3HvwuHV9xd0VGi0GncXgoL,https://p.scdn.co/mp3-preview/2efaf2549e83616e4edc4bbe79a6ebb066f1c636?cid=4598e66debe040afa4e5e77d7f33ee1d,0.045,0.256,0.101
Rainy Clouds,John Ocean,10zmtHvaMOZKQrdTsvRJyP,https://i.scdn.co/image/ab67616d0000b273d95d684e9c9a901754e28c0b,https://open.spotify.com/track/10zmtHvaMOZKQrdTsvRJyP,https://p.scdn.co/mp3-preview/302b437d8e2c1aaba26eace6267531b2f43f95c7?cid=4598e66debe040afa4e5e77d7f33ee1d,0.136,0.127,0.0368
Rest Repair,Michel LeBond,1XBRmzrGn8tZxPYmGb2CXa,https://i.scdn.co/image/ab67616d0000b2732b668fec95a6644a27b755f1,https://open.spotify.com/track/1XBRmzrGn8tZxPYmGb2CXa,https://p.scdn.co/mp3-preview/681f715441152ff9040435e3db7c6ca26946e829?cid=4598e66debe040afa4e5e77d7f33ee1d,0.0992,0.189,0.0365
Heavenly Walk,Minisol,7N38FhlGOzPZ8AAnQjAMpU,https://i.scdn.co/image/ab67616d0000b273c523be7b508b6c2a3bde2629,https://open.spotify.com/track/7N38FhlGOzPZ8AAnQjAMpU,https://p.scdn.co/mp3-preview/0025f8e0d8dad7aa9dec707ed88d08d8c07e3a84?cid=4598e66debe040afa4e5e77d7f33ee1d,0.18,0.275,0.0752
Reversed Stress,Minonna,36LvimjTIyWaVS1CejsRL9,https://i.scdn.co/image/ab67616d0000b27313e180303eaa230ab954e897,https://open.spotify.com/track/36LvimjTIyWaVS1CejsRL9,https://p.scdn.co/mp3-preview/23cc7a441065f4d9f8151d183da433b72f0976f3?cid=4598e66debe040afa4e5e77d7f33ee1d,0.0678,0.212,0.0392
Surrounded,atm0,3bl88Ud8z2uuG72gS900Yy,https://i.scdn.co/image/ab67616d0000b27307a2f20bb787a86416d4498f,https://open.spotify.com/track/3bl88Ud8z2uuG72gS900Yy,https://p.scdn.co/mp3-preview/b33f014645c0541db82142843b31df412bd43fa1?cid=4598e66debe040afa4e5e77d7f33ee1d,0.0475,0.326,0.137
A Tidy Series,Sigh and Release,5tsQhyjJMfW3SQxvRYbisr,https://i.scdn.co/image/ab67616d0000b2730ac3bfca5d2e0431d9b63ef1,https://open.spotify.com/track/5tsQhyjJMfW3SQxvRYbisr,https://p.scdn.co/mp3-preview/fb1767e5c8658c675f1d4d96ee0c5465c85eb246?cid=4598e66debe040afa4e5e77d7f33ee1d,0.0316,0.156,0.0283
The Shore,Calil,7BCmEyju8nsLtkC7EZS5sR,https://i.scdn.co/image/ab67616d0000b2737c77fccaf80ce62066878f94,https://open.spotify.com/track/7BCmEyju8nsLtkC7EZS5sR,https://p.scdn.co/mp3-preview/0ea46db9e926abe981ce408e40629df2cecbe606?cid=4598e66debe040afa4e5e77d7f33ee1d,0.0435,0.165,0.0353
True Awakening,Empty Space,0s7Qc2ytTasqhqjA9K2U2S,https://i.scdn.co/image/ab67616d0000b273d13942b20ac9a4b539d4569c,https://open.spotify.com/track/0s7Qc2ytTasqhqjA9K2U2S,https://p.scdn.co/mp3-preview/3e7609f712eb011dfc247f94bd0c57b963aa52ce?cid=4598e66debe040afa4e5e77d7f33ee1d,0.154,0.142,0.0356
Wandering,Jars Of Bees,3DSmKmCgRH7vSmdZXBbH4P,https://i.scdn.co/image/ab67616d0000b273e5928ad96e43c5d27ac80547,https://open.spotify.com/track/3DSmKmCgRH7vSmdZXBbH4P,https://p.scdn.co/mp3-preview/df334348f6ee1f5592de0fde9ac1b9f93c9bdd2e?cid=4598e66debe040afa4e5e77d7f33ee1d,0.128,0.215,0.0829
Tum Somnum,Bonum Somno,5a02D8HngkNPXN7D30qxBQ,https://i.scdn.co/image/ab67616d0000b27392eb91735e98044cb5c8fbfd,https://open.spotify.com/track/5a02D8HngkNPXN7D30qxBQ,https://p.scdn.co/mp3-preview/84793e28c4e3501c36a3e1731e4d2c29a02ed8c1?cid=4598e66debe040afa4e5e77d7f33ee1d,0.0434,0.0975,0.106
Chuska,Morongo,6rvltM3hjcZ9JPlNsZ0v6D,https://i.scdn.co/image/ab67616d0000b273ab22122782706691a33ba607,https://open.spotify.com/track/6rvltM3hjcZ9JPlNsZ0v6D,https://p.scdn.co/mp3-preview/9dc4a9f065445c677bf25769c5f0084eac78987b?cid=4598e66debe040afa4e5e77d7f33ee1d,0.148,0.162,0.0365
Dreams in the Wind,Sal Lastra,4D0uy3JWqfanEiYfYK6lcq,https://i.scdn.co/image/ab67616d0000b273ffbc15480c82c820363a7530,https://open.spotify.com/track/4D0uy3JWqfanEiYfYK6lcq,https://p.scdn.co/mp3-preview/b209ea8ed0c12cc1b7e7c4180deb76e769fe0957?cid=4598e66debe040afa4e5e77d7f33ee1d,0.138,0.174,0.0393
He Needs Help,David Wingo,39hBYtqNwwl7v0gynAWyZj,https://i.scdn.co/image/ab67616d0000b27351cb034964f30f616686fd2d,https://open.spotify.com/track/39hBYtqNwwl7v0gynAWyZj,https://p.scdn.co/mp3-preview/1a2909724b61b136f1a8a13d47d2924b621e8ab9?cid=4598e66debe040afa4e5e77d7f33ee1d,0.0449,0.141,0.0377
Purple Sunrise,IFEELU,6DkUtEi0XgqV8LmnbDVpna,https://i.scdn.co/image/ab67616d0000b273a72ee6ac07cb0a585317a76f,https://open.spotify.com/track/6DkUtEi0XgqV8LmnbDVpna,https://p.scdn.co/mp3-preview/6ed8a4806e392ebc20844b074bf3d32440752743?cid=4598e66debe040afa4e5e77d7f33ee1d,0.127,0.349,0.0574
Ballerina - Ambient Version,William Keats,6OoZfXgh8Y6V869KQMVY4e,https://i.scdn.co/image/ab67616d0000b2737a151e8f469e7fefd8535cba,https://open.spotify.com/track/6OoZfXgh8Y6V869KQMVY4e,https://p.scdn.co/mp3-preview/dd54017b4a271a379001324beaa9a07eca222db6?cid=4598e66debe040afa4e5e77d7f33ee1d,0.058,0.444,0.132
Lonley Sea,Casiamty,2C0yGv2SPRTfb0O6FMIEb5,https://i.scdn.co/image/ab67616d0000b2734ce6c2abe0b09eb0b1d5ce39,https://open.spotify.com/track/2C0yGv2SPRTfb0O6FMIEb5,https://p.scdn.co/mp3-preview/6bd9902256a89c583687387fce1e97b15ccef0c3?cid=4598e66debe040afa4e5e77d7f33ee1d,0.154,0.274,0.043
Before Sinking,Alaskan Tapes,6P5McVugUltkaP8qzenZfC,https://i.scdn.co/image/ab67616d0000b273ddcf222b220f374855fb8fe0,https://open.spotify.com/track/6P5McVugUltkaP8qzenZfC,https://p.scdn.co/mp3-preview/6d47131c1d58b523d5947dba401f8435a7bb0091?cid=4598e66debe040afa4e5e77d7f33ee1d,0.0268,0.153,0.0376
All Rivers,Static Garden,5bw8YBybhZA37RZKjZ2voM,https://i.scdn.co/image/ab67616d0000b27343ed8d69cf295125da6c5896,https://open.spotify.com/track/5bw8YBybhZA37RZKjZ2voM,https://p.scdn.co/mp3-preview/8d57438e98cbf6fdbc5ef49369d5e5b3e3e984cf?cid=4598e66debe040afa4e5e77d7f33ee1d,0.204,0.298,0.163
Reasons For Being,Deep Watch,5tY0sWgi6v0UEibwYjfWlL,https://i.scdn.co/image/ab67616d0000b273456004ec98e8493394e477de,https://open.spotify.com/track/5tY0sWgi6v0UEibwYjfWlL,https://p.scdn.co/mp3-preview/73d2019bd9ac548dcfe5f4087bfb27c349d1545a?cid=4598e66debe040afa4e5e77d7f33ee1d,0.0282,0.141,0.0658
These Steady Hands,Yonder Dale,3IIJBXhYKDDRk5UAaSSacY,https://i.scdn.co/image/ab67616d0000b2735dbbe556f30b73b6610e4a1e,https://open.spotify.com/track/3IIJBXhYKDDRk5UAaSSacY,https://p.scdn.co/mp3-preview/cdcfa8d8b8f370e05e5d82a4bde330703ec6f63e?cid=4598e66debe040afa4e5e77d7f33ee1d,0.294,0.349,0.389
Beyond Peaceful,Don Eylert,0PTqmbNYUtVviUHSVpcHhF,https://i.scdn.co/image/ab67616d0000b273ee5c7b741f5740ac69f33137,https://open.spotify.com/track/0PTqmbNYUtVviUHSVpcHhF,https://p.scdn.co/mp3-preview/fdcf3a2f60e14f41e06b84a4c10d048eaf433ed8?cid=4598e66debe040afa4e5e77d7f33ee1d,0.0843,0.34,0.161
Suaimhneas,Ceilidh,7q9ehvNtDAyhFFD7w9L4yo,https://i.scdn.co/image/ab67616d0000b273eea3855468375515378ba514,https://open.spotify.com/track/7q9ehvNtDAyhFFD7w9L4yo,https://p.scdn.co/mp3-preview/6935d99118bed8ddd4c390f04b3bed0c990cdccf?cid=4598e66debe040afa4e5e77d7f33ee1d,0.141,0.217,0.0732
Pathways,Chime Dolma,67hrn4W0iAgUWwkVpmplTW,https://i.scdn.co/image/ab67616d0000b27300e7c04416c839b367929375,https://open.spotify.com/track/67hrn4W0iAgUWwkVpmplTW,https://p.scdn.co/mp3-preview/66306e80e08e2ebb6d24f5626cb2703f2b7b7328?cid=4598e66debe040afa4e5e77d7f33ee1d,0.0273,0.163,0.0698
Falling Stars,Delle Alpi,6nx6oC4HgnZOxC4dgsPiIU,https://i.scdn.co/image/ab67616d0000b273d2b140b50df2c2b80fbceafe,https://open.spotify.com/track/6nx6oC4HgnZOxC4dgsPiIU,https://p.scdn.co/mp3-preview/63c5ec1999c677fb487c2eff8c74aef9e12577cb?cid=4598e66debe040afa4e5e77d7f33ee1d,0.0257,0.261,0.0795
Moment of Clarity,Light Bin,1h7XRTgZYY0TYDjYDnLfju,https://i.scdn.co/image/ab67616d0000b2733988ba13a0fec4cac1943604,https://open.spotify.com/track/1h7XRTgZYY0TYDjYDnLfju,https://p.scdn.co/mp3-preview/d4712a81927791a8cb798559f094196b1b6aa3a9?cid=4598e66debe040afa4e5e77d7f33ee1d,0.18,0.18,0.0713
Soul Blanket,Sofia's Choice,7xgCM9MkPIJ0MWFJqGGKQD,https://i.scdn.co/image/ab67616d0000b273512a0605ec1a844e87ba85e9,https://open.spotify.com/track/7xgCM9MkPIJ0MWFJqGGKQD,https://p.scdn.co/mp3-preview/8d3ba9f1980c84263302e3c6745c766fa0354b2b?cid=4598e66debe040afa4e5e77d7f33ee1d,0.19,0.572,0.0391
Semblance of Reality,Spheres,35i1Xb0oSslrXF1KT51IdK,https://i.scdn.co/image/ab67616d0000b2739830847eeac4a21d2eb7b787,https://open.spotify.com/track/35i1Xb0oSslrXF1KT51IdK,https://p.scdn.co/mp3-preview/b94707aba0c255f0b2ee0702ce4e202f85802a82?cid=4598e66debe040afa4e5e77d7f33ee1d,0.144,0.0611,0.0352
Empty Spaces,Everything Will Rust,02hFekfpXLbeoBIdCEgbBc,https://i.scdn.co/image/ab67616d0000b2731d7b1c9c0872e22370fba648,https://open.spotify.com/track/02hFekfpXLbeoBIdCEgbBc,https://p.scdn.co/mp3-preview/46d4c725365363d537cbbccda2a4b6ca33093981?cid=4598e66debe040afa4e5e77d7f33ee1d,0.0274,0.193,0.0472
Illuminous,Bliss Phenomena,4BF3edqOaAcQiavsuigQq9,https://i.scdn.co/image/ab67616d0000b273d83b8c861fd9bbde39a7d9d7,https://open.spotify.com/track/4BF3edqOaAcQiavsuigQq9,https://p.scdn.co/mp3-preview/621ac013068668f069f949a3001d93fc414361b3?cid=4598e66debe040afa4e5e77d7f33ee1d,0.0247,0.203,0.0398
Atmos Eleven,Atmos 11,0RIJAaogvQkeFuZVPhYlma,https://i.scdn.co/image/ab67616d0000b2739f6b939b162f30fb1916d585,https://open.spotify.com/track/0RIJAaogvQkeFuZVPhYlma,https://p.scdn.co/mp3-preview/2b5031526371ddf5b9fe0f0b59ba8ca92ab37234?cid=4598e66debe040afa4e5e77d7f33ee1d,0.00449,0.174,0.0581
Path of Light,Moments of Clarity,0AXQFmU88hVhan5teKTPl5,https://i.scdn.co/image/ab67616d0000b273d70c066860abe09c10bee693,https://open.spotify.com/track/0AXQFmU88hVhan5teKTPl5,https://p.scdn.co/mp3-preview/8ceb44959758482bc69f012bd89065c12ba8d0ca?cid=4598e66debe040afa4e5e77d7f33ee1d,0.0739,0.0657,0.0358
Yoga Depth,Elevie J,32HG8Lvryuz8NCQQW0YO46,https://i.scdn.co/image/ab67616d0000b2736d3efc4a4bd0ed63f4097628,https://open.spotify.com/track/32HG8Lvryuz8NCQQW0YO46,https://p.scdn.co/mp3-preview/b004676f2f86a2498c3740e9e5a7360826efe8d9?cid=4598e66debe040afa4e5e77d7f33ee1d,0.0278,0.203,0.0375
Inner Dimension,Light & Sound,6xIl1x7mWago7qpDn5tKfA,https://i.scdn.co/image/ab67616d0000b273ca37d9c029ed92a64e2d7e43,https://open.spotify.com/track/6xIl1x7mWago7qpDn5tKfA,https://p.scdn.co/mp3-preview/f69549074c4363352c0571c8406595d7ce2827fc?cid=4598e66debe040afa4e5e77d7f33ee1d,0.215,0.225,0.0357
Black Iris,Padauk,3nfo4XNg7pyQLmHppIRANv,https://i.scdn.co/image/ab67616d0000b273954fed265f3798975e46b458,https://open.spotify.com/track/3nfo4XNg7pyQLmHppIRANv,https://p.scdn.co/mp3-preview/39bdd413fa7fbe6328a8519fa784c23d2140b4f2?cid=4598e66debe040afa4e5e77d7f33ee1d,0.0645,0.507,0.0382
Adumbration,Adumbration,7EOou80jtKNv4t6P5ZYp1h,https://i.scdn.co/image/ab67616d0000b273688ffb7ee254a2cfc1dde345,https://open.spotify.com/track/7EOou80jtKNv4t6P5ZYp1h,https://p.scdn.co/mp3-preview/1a1a38d56077500812c953dc22ae5e1018d7e6d0?cid=4598e66debe040afa4e5e77d7f33ee1d,0.179,0.284,0.0357
The Deep Blue,Clouds of Calm,3fPDwXNYVnj3ROLieCtOGR,https://i.scdn.co/image/ab67616d0000b2732b7fc0bc8aee9728b9730592,https://open.spotify.com/track/3fPDwXNYVnj3ROLieCtOGR,https://p.scdn.co/mp3-preview/4023d8b0f2d79ac097ce2315c52d58470729175a?cid=4598e66debe040afa4e5e77d7f33ee1d,0.0455,0.0929,0.0338
Lost Worlds,Crystalsong,5qndjKZTvJBodDiHSPFo55,https://i.scdn.co/image/ab67616d0000b273f0ed4ab670c2a5be807d69d2,https://open.spotify.com/track/5qndjKZTvJBodDiHSPFo55,https://p.scdn.co/mp3-preview/6e12e079ad01ea7d6a99c61add9b736098e21fb4?cid=4598e66debe040afa4e5e77d7f33ee1d,0.161,0.0845,0.0339
Minds Traversed,Spirits Of Our Dreams,5OxLsoveEfCtK2M3CuqCd7,https://i.scdn.co/image/ab67616d0000b273cdb2fe200d0bf2fe863c8d7a,https://open.spotify.com/track/5OxLsoveEfCtK2M3CuqCd7,https://p.scdn.co/mp3-preview/f8198fe65328bae26244fea0491f4dead352d245?cid=4598e66debe040afa4e5e77d7f33ee1d,0.408,0.249,0.052
Movements of Dimensions,Everlight,7BQDfK8Emfh80YJuvoGrb4,https://i.scdn.co/image/ab67616d0000b273f89ece030143063657e0034c,https://open.spotify.com/track/7BQDfK8Emfh80YJuvoGrb4,https://p.scdn.co/mp3-preview/3eaff0e851fbf1cec635c8f7d19a880f67a8a261?cid=4598e66debe040afa4e5e77d7f33ee1d,0.0782,0.082,0.0369
Butterfly Traces,Sight of Wonders,2IrPTNvYOoR92JZoNz79N2,https://i.scdn.co/image/ab67616d0000b273b91647e342d93a37bf0196a5,https://open.spotify.com/track/2IrPTNvYOoR92JZoNz79N2,https://p.scdn.co/mp3-preview/a8b0c463956b0df7dd44de1a941cbef8aa504ad9?cid=4598e66debe040afa4e5e77d7f33ee1d,0.187,0.453,0.189
Bird of Passage,Jakob Ahlbom,4BSKw235eGI3usi9hVXv1n,https://i.scdn.co/image/ab67616d0000b273db75db7ec1ce3d717ec4b940,https://open.spotify.com/track/4BSKw235eGI3usi9hVXv1n,https://p.scdn.co/mp3-preview/c95c863eeb50ece30fc3cdd5b8c9503b645ba82a?cid=4598e66debe040afa4e5e77d7f33ee1d,0.179,0.258,0.0392
Giant,Oliver Évilo,1skdG0IokRBAJGHylNqMck,https://i.scdn.co/image/ab67616d0000b273e0b3a90cf38de1344f903780,https://open.spotify.com/track/1skdG0IokRBAJGHylNqMck,https://p.scdn.co/mp3-preview/a1b0d705375a8d5e1701bba25880cdfddc3be646?cid=4598e66debe040afa4e5e77d7f33ee1d,0.00293,0.223,0.375
Conscious Jorney,Benny Bernstein,5huIzPcRJkbL7UyyzViQPU,https://i.scdn.co/image/ab67616d0000b273eacff6caa29c8e38bf8c80ea,https://open.spotify.com/track/5huIzPcRJkbL7UyyzViQPU,https://p.scdn.co/mp3-preview/1c70729745346a91e82f67117c6de855392d1115?cid=4598e66debe040afa4e5e77d7f33ee1d,0.123,0.243,0.0501
Spirituality,Waht Poo,2kYSO6JCH0Nboi3QSOWhBe,https://i.scdn.co/image/ab67616d0000b273d3c9199d9108d61ec16bd255,https://open.spotify.com/track/2kYSO6JCH0Nboi3QSOWhBe,https://p.scdn.co/mp3-preview/ce179b39875e3610e4726919cfca348e216e1e24?cid=4598e66debe040afa4e5e77d7f33ee1d,0.0325,0.211,0.0486
Teary,Ella Drake,4LEdXdGFciWWUD8vPfDGR3,https://i.scdn.co/image/ab67616d0000b2734fbc3a012a2a93e8cca94ff2,https://open.spotify.com/track/4LEdXdGFciWWUD8vPfDGR3,https://p.scdn.co/mp3-preview/85a1067b5fd2eb4f803776710ae353b77ff4990c?cid=4598e66debe040afa4e5e77d7f33ee1d,0.13,0.258,0.0571
Slumbers,La Torre Infinita,6uqlR64MywWP2zE0Dj5PlA,https://i.scdn.co/image/ab67616d0000b2736383774c7c86644015b88ecc,https://open.spotify.com/track/6uqlR64MywWP2zE0Dj5PlA,https://p.scdn.co/mp3-preview/1f3a1fa474a9065c2a513616bc7c6ddfa4212c48?cid=4598e66debe040afa4e5e77d7f33ee1d,0.114,0.182,0.18
Cosmogyral,Szigeti Aliz,4WT82kpk9JXBnyN564LZS4,https://i.scdn.co/image/ab67616d0000b2734c19eab211ae1514e8fdb4a8,https://open.spotify.com/track/4WT82kpk9JXBnyN564LZS4,https://p.scdn.co/mp3-preview/a1310cac2bb2117f0cb45e54bae3a8570faa8aa6?cid=4598e66debe040afa4e5e77d7f33ee1d,0.00678,0.201,0.0581
Finistère,xerLK,14eatj3LOOiVomamOwczLf,https://i.scdn.co/image/ab67616d0000b273a5aa8e2fffb77f60319f8936,https://open.spotify.com/track/14eatj3LOOiVomamOwczLf,https://p.scdn.co/mp3-preview/671dab1bcad0b8816061bd79bef4d7346b13ce75?cid=4598e66debe040afa4e5e77d7f33ee1d,0.19,0.17,0.13
Beneath The Mist,Spirits Of Our Dreams,2lmMpvoIqZWWFBcKoQ8KSC,https://i.scdn.co/image/ab67616d0000b273cdb2fe200d0bf2fe863c8d7a,https://open.spotify.com/track/2lmMpvoIqZWWFBcKoQ8KSC,https://p.scdn.co/mp3-preview/7be30e405b8bb6df448d00d53119100e5138175c?cid=4598e66debe040afa4e5e77d7f33ee1d,0.214,0.0609,0.0776
Forest Canvas,Elm Lake,0Y67hBf8raOl4JYVvohHR2,https://i.scdn.co/image/ab67616d0000b273f2eeebb441eb0a108836931a,https://open.spotify.com/track/0Y67hBf8raOl4JYVvohHR2,https://p.scdn.co/mp3-preview/ddeae6e5cbe8a342365e771ec90bfbeeed74c3f1?cid=4598e66debe040afa4e5e77d7f33ee1d,0.182,0.0991,0.0428
Little Diamond,Mylo Rivers,4M262QSLVozYRsirsA2kLz,https://i.scdn.co/image/ab67616d0000b27320340ee2c1ece6beded675e8,https://open.spotify.com/track/4M262QSLVozYRsirsA2kLz,https://p.scdn.co/mp3-preview/87ca36840a0a59241af82780868b241ee37ed4e6?cid=4598e66debe040afa4e5e77d7f33ee1d,0.0574,0.355,0.0388
Frozen Grasslands,Cora Zea,2QN55dmp583TNohDVITyfz,https://i.scdn.co/image/ab67616d0000b27321d433f68735724614b27427,https://open.spotify.com/track/2QN55dmp583TNohDVITyfz,https://p.scdn.co/mp3-preview/ee91d6ee12aedf318f1f79a42fe87c0a1c416b56?cid=4598e66debe040afa4e5e77d7f33ee1d,0.273,0.219,0.0394
Threads,Ebb & Flod,5ASmAe7WcZaLVx6KcCqhW0,https://i.scdn.co/image/ab67616d0000b273f587fcfcbda844807056c490,https://open.spotify.com/track/5ASmAe7WcZaLVx6KcCqhW0,https://p.scdn.co/mp3-preview/ffe3a169785eb455725740065493ba3e3d70a96d?cid=4598e66debe040afa4e5e77d7f33ee1d,0.0436,0.12,0.0361
Marola,Sleep Safari,4QPXwM90DJW5eQXTsfLKPc,https://i.scdn.co/image/ab67616d0000b27321e992af399680de64e39cf5,https://open.spotify.com/track/4QPXwM90DJW5eQXTsfLKPc,https://p.scdn.co/mp3-preview/4c3f13a71c5963ae2be7a9d3908f5df4bf6de30d?cid=4598e66debe040afa4e5e77d7f33ee1d,0.0707,0.149,0.0364
Mantric Melody,Havanna Chandri,5GkkUUYaDllU29bE9OKkLI,https://i.scdn.co/image/ab67616d0000b27392d47d30548ca93c7cfc89e3,https://open.spotify.com/track/5GkkUUYaDllU29bE9OKkLI,https://p.scdn.co/mp3-preview/2dac35516c6521ceebe2b869438f87226ed22dfc?cid=4598e66debe040afa4e5e77d7f33ee1d,0.0463,0.235,0.0369
Gentle Serenity,Perfect Shapes,4amhCY18OuVRix7E1vUZJb,https://i.scdn.co/image/ab67616d0000b27305bf31bc701b713815d0a243,https://open.spotify.com/track/4amhCY18OuVRix7E1vUZJb,https://p.scdn.co/mp3-preview/6c8563c3859139d5626674db6936fb796e78641e?cid=4598e66debe040afa4e5e77d7f33ee1d,0.169,0.381,0.0734
